Date,Headline
2023-05-23T18:51:33Z,Netflix starts charging for account sharing in the US
2023-05-23T10:45:54Z,Netflix makes it easier to find titles you've added to your list but haven't watched yet
2023-05-22T18:16:14Z,Netflix is making it easier to find saved shows and movies you still haven’t watched
2023-05-06T13:30:27Z,Netflix is launching a remastered 'World of Goo' on May 23rd
2023-05-11T15:56:41Z,"Netflix canceled its in-person upfront, probably to avoid the WGA’s picket lines"
2023-05-09T15:45:37Z,Quick fixes: take a screenshot on your streaming video service
2023-05-04T17:20:00Z,Netflix's One Piece Series Gets an Update From Eiichiro Oda
2023-06-01T15:35:19Z,"One Piece, 3 Body Problem, and The Last Airbender are all coming to Netflix’s Tudum"
2023-05-10T14:20:00Z,"Updates From TMNT: Mutant Mayhem, and More"
2023-05-04T18:52:44Z,Netflix’s One Piece adaptation sounds like it might have hit some choppy waters
2023-05-25T20:00:00Z,"From Disney+ to Max, Here Are the Best Streaming Services"
2023-05-19T20:46:58Z,Disney+ and Hulu will remove a slew of titles on May 26th
2023-05-23T18:29:00Z,Netflix updates policy on user account sharing - Reuters
2023-06-02T02:00:32Z,Netflix shareholders withhold support for executive pay package - Reuters
2023-05-07T14:30:00Z,Stranger Things 5 Production Halted as Duffer Bros. Stand with WGA
2023-05-27T13:00:00Z,Netflix’s Password-Sharing Crackdown Has Hit the US
2023-05-17T21:44:00Z,Netflix says ad tier now has nearly 5 million monthly active users - Reuters
2023-05-26T19:07:00Z,"Obama Crossed the Picket Line, Striking Writers Say"
2023-05-05T17:00:00Z,The Out-of-Touch Adults’ Guide to Kid Culture: Is Tubi Secretly the Best Streaming Service?
2023-06-04T12:00:26Z,Amazon is reportedly trying to offer Prime subscribers free cell phone service
2023-05-26T18:13:50Z,Amazon Prime Video throws shade at Netflix for new password-sharing guidelines
2023-05-16T14:18:48Z,Netflix warns UK broadband firms of crackdown on password sharing
2023-05-23T19:11:45Z,Netflix crackdown on password sharing reaches the UK
2023-05-22T21:03:43Z,Netflix update makes it easier to find the content you haven't watched yet (but want to)
2023-05-04T13:15:02Z,"Streaming TV in May Brings Drama and Adventure, So Keep These Services - CNET"
2023-05-17T20:01:00Z,Netflix Alerts Telecoms Groups Over Looming Account-Sharing Crackdown
2023-05-23T22:37:13Z,Netflix's controversial password-sharing crackdown hits the US
2023-05-12T14:42:00Z,Netflix Plans To Cut Spending by $300 Million in 2023
2023-05-23T16:00:00Z,Former Netflix exec starts Midwest game publisher
2023-06-01T11:15:03Z,June Is Busy for Streaming Services. Let's Help You Decide Which Ones to Keep - CNET
2023-05-23T08:27:56Z,"Arnold Schwarzenegger got a buzzy new job with no real function at Netflix, and he bulldozed a Mercedes Benz with his own tank to announce it"
2023-05-31T19:39:34Z,Drive to Survive commentator sacked from Formula E over ‘inappropriate behaviour’
2023-05-23T19:09:00Z,Netflix's Password Sharing Crackdown Officially Hits US Customers
2023-05-27T15:32:58Z,Netflix users slam streamer for password-sharing ban: 'I've literally never cancelled a membership so fast'
2023-05-23T19:01:26Z,Netflix is going to charge $8 to add someone to your account
2023-05-06T11:56:07Z,Ex-Yahoo CEO Marissa Mayer admits the company should have bought Netflix instead of Tumblr as it 'would have been a better acquisition'
2023-06-02T22:48:17Z,Netflix investors voted against rich pay packages for the company's top execs amid the ongoing Hollywood writers' strike
2023-05-18T16:25:18Z,Almost 5 Million People Are Using Netflix's New Plan With Ads - CNET
2023-05-30T17:40:47Z,AC Podcast 605: Netflix's Password-Sharing Crackdown Hits The US
2023-05-24T14:33:24Z,Netflix Password-Sharing Is No Longer Free in the US - CNET
2023-05-04T15:51:46Z,Amazon plans to rework Alexa in the age of ChatGPT
2023-05-29T18:57:19Z,The Witcher is officially one of the most successful game series of all time
2023-05-14T16:37:20Z,Bafta TV awards 2023: the full list of winners
2023-05-24T16:15:48Z,Netflix drops the first trailer for Skull Island
2023-05-26T10:15:14Z,Digested week: Netflix bans password-sharing – but I’m close to bailing anyway | Emma Brockes
2023-05-06T14:00:10Z,‘I don’t recall so many attractive people’: experts reveal what The Diplomat gets right – and wrong
2023-05-05T09:00:00Z,The best movies on Netflix UK
2023-05-09T14:30:27Z,"Netflix’s next Bird Box movie has more Barcelona, less Bullock"
2023-05-12T12:15:02Z,The 12 Best K-Dramas to Stream on Netflix Right Now - CNET
2023-05-26T21:59:00Z,‘The Witcher’ confirma su quinta temporada en Netflix
2023-05-23T19:24:48Z,Netflix pone fin a las cuentas compartidas en México
2023-06-01T18:01:00Z,"Netflix confirmó la fecha, hora y lugar del Tudum 2023"
2023-05-24T17:28:58Z,Chef Lidia Bastianich looks back on her family's chaotic life in Europe after WWII
2023-05-06T12:00:00Z,"The best movies new to streaming on Netflix, HBO Max, Prime Video, and Hulu (May 2023)"
2023-06-03T13:00:00Z,"The 7 best movies new to streaming on Netflix, Max, Prime Video, and Hulu (June 2023)"
2023-05-18T16:57:08Z,Netflix stock jumps 10% on signs that its new ad-based subscription plan is booming
2023-05-05T13:00:00Z,"AI, the WGA Strike, and What Luddites Got Right"
2023-05-24T12:00:00Z,"BMW i5 Electric: Price, Range, Release Date"
2023-05-09T14:45:00Z,Blue Beetle Teases Harvey Guillén's Mystery New Character
2023-06-03T14:30:00Z,Disney Gets Big Write-Off After Pulling Its Streaming Shows
2023-05-24T17:20:47Z,"Netflix rolls out its ""crackdown"" on global password sharing"
2023-06-02T10:12:00Z,#TGIQF – Das Netflix-Quiz
2023-05-17T19:03:25Z,How Netflix’s Unsolved Mysteries Led to the Rescue of a Girl Missing for 5 Years
2023-05-17T12:01:33Z,Barack Obama’s Working Is a Timely Reality Check on the American Dream—Until It Gets to the Bosses
2023-05-05T21:31:00Z,Por qué ‘Miércoles’ estuvo a punto de no ver la luz en Netflix
2023-06-02T22:25:37Z,Don’t Look Up director Adam McKay to triple donations to Just Stop Oil
2023-05-25T20:06:19Z,Netflix Is Cracking Down on Password Sharing in the U.S. Here’s What to Know
2023-05-23T22:56:52Z,Netflix announces password sharing crackdown rollout in US
2023-05-29T11:11:11Z,Una de las estrellas de ‘Daredevil’ en Netflix asegura que no hay planes para su regreso en ‘Born Again’
2023-05-26T06:00:26Z,Changing Ends to Deadloch: the seven best shows to stream this week
2023-05-23T19:22:00Z,Netflix reactiva su cruzada contra las cuentas compartidas en estos países de Latinoamérica: ahora sí toca pagar
2023-05-23T19:22:55Z,Netflix password sharing crackdown has finally reached the US
2023-06-01T11:15:35Z,The Morning After: What to expect from Apple’s WWDC 2023
2023-05-23T23:24:19Z,Paramount Plus will be raising its prices on June 27th
2023-05-22T20:03:37Z,This Buzzy Reality Show Is The Top Series On Netflix Right Now
2023-05-31T16:45:47Z,Here's the trailer for Black Mirror season 6
2023-05-25T14:45:01Z,"‘FUBAR’, crítica: Schwarzenegger vuelve en plena forma"
2023-05-19T09:01:14Z,Netflix lleva años estrenando muchas más series de las que podemos consumir. Ahora al fin sabemos por qué
2023-05-15T14:09:43Z,Jennifer Lopez’s New Movie Is The Top Film On Netflix Right Now
2023-05-25T20:00:00Z,The 5 best horror movies to watch on Netflix and other streamers this May
2023-05-11T14:45:00Z,"Updates From Star Wars: Skeleton Crew, and More"
2023-05-26T20:21:00Z,: Barack Obama says being president was a ‘hoot’ 70% of the time — but here’s what he didn’t like
2023-05-12T10:03:28Z,"‘La madre’, crítica: esta vez Jennifer Lopez no logra convencernos"
2023-05-09T17:12:30Z,"Mira el primer tráiler de ‘Bird Box Barcelona’, el spin-off de ‘A ciegas’ con Mario Casas"
2023-06-01T11:15:42Z,"Danny Masterson, de ‘That 70s Show’, declarado culpable de violar a dos mujeres. Enfrenta 30 años de cárcel"
2023-05-31T14:58:39Z,‘Black Mirror’: mira el nuevo tráiler de la sexta temporada y conoce la fecha de estreno
2023-05-23T19:39:05Z,Netflix password sharing is now officially dead
2023-05-15T23:49:50Z,‘Misión de rescate 2’: así se grabó la violenta secuencia con Chris Hemsworth
2023-05-09T11:30:00Z,La historia real de ‘La Reina Carlota’: ¿cuál era la enfermedad de Jorge III?
2023-05-10T20:51:00Z,"Netflix gets closer to Ash’s finale, with part 3 of Pokémon Ultimate Journeys hitting in June"
2023-05-17T16:57:45Z,Netflix plans to kill password sharing in the US have been delayed
2023-05-09T16:45:30Z,"El plan de Netflix para cortar su sangría de suscriptores es un nuevo tipo de series: las ""gourmet cheeseburgers"""
2023-05-15T10:00:00Z,“Queen Charlotte” Has Shonda Rhimes All Over It
2023-05-30T19:58:13Z,A 2017 Animated Hit Is A Top Movie On Netflix Right Now
2023-05-15T14:43:58Z,This New True-Crime Docuseries Is A Top Show On Netflix Right Now
2023-06-01T09:26:48Z,'Black Mirror' desvela en su tráiler el inesperado objetivo de sus nuevos episodios: la propia Netflix
2023-05-28T12:00:08Z,I'm a VP at the company behind Advil and Tums. My day starts with double-screening YouTube and Netflix and ends with surfing Amazon ratings.
2023-05-14T08:30:49Z,The week in TV: City on Fire; Turkey: Empire of Erdogan; Kids; Mulligan – review
2023-05-30T16:07:33Z,Here's Absolutely Everything Coming To Netflix In June 2023
2023-05-27T19:01:21Z,Netflix is now streaming one of 2023’s best thrillers. Here’s why you should watch it
