Source,Author,Title,Description,URL,Published At,Content
Gizmodo.com,Linda Codega,Wednesday Spins Up Spooky Sounds on a New Purple Vinyl,"Image: Lakeshore Records
Following the incredible fan response to Netflix’s Wednesday (starring Jenna Ortega), Lakeshore Records has announced the official Wednesday vinyl soundtrack, featuring the score composed by Danny Elfman and Chris Bacon. Elfman is a …",https://gizmodo.com/wednesday-vinyl-release-danny-elfman-netflix-score-1850437856,2023-05-15T17:00:00Z,"Following the incredible fan response to Netflixs Wednesday(starring Jenna Ortega), Lakeshore Records has announced the official Wednesdayvinyl soundtrack, featuring the score composed by Danny Elfma… [+1278 chars]"
IndieWire,Wilson Chapman,Martin Scorsese’s ‘The Irishman’ Kicked off Netflix’s Top 10 by J.Lo’s ‘The Mother’,"Lopez's thriller is now the eighth most popular original film in Netflix history, according to the streamer's own internal metrics.",https://www.indiewire.com/news/breaking-news/the-mother-netflix-top-10-1234871824/,2023-06-06T19:00:00Z,"It’s probably not getting an Oscar nomination anytime soon, but “The Mother” has bested Martin Scorsese’s “The Irishman” where it counts: Netflix viewership metrics. 
Jennifer Lopez’s thriller film … [+2348 chars]"
Frandroid,Guillaume Sonnet,Netflix : le mois de juin 2023 sera show,"Nouvelle saison de The Witcher, nouvelle saison de Black Mirror et nouveau film Tyler Rake, en ce mois de juin Netflix se concentre sur les valeurs sûres de son catalogue. Cela n'empêche pas l'arrivée d'une autre nouveauté très attendue : le documentaire sur …",https://www.frandroid.com/?p=1709143,2023-06-05T15:50:13Z,"Nouvelle saison de The Witcher, nouvelle saison de Black Mirror et nouveau film Tyler Rake, en ce mois de juin Netflix se concentre sur les valeurs sûres de son catalogue. Cela n'empêche pas l'arrivé… [+6910 chars]"
IndieWire,Kate Erbland,‘Take Care of Maya’ Review: An Infuriating Documentary with No Easy Answers,Tribeca: Henry Roosevelt takes on the wrenching case of Maya Kowalski in an intimate but ultimately unfinished feature from Netflix.,https://www.indiewire.com/criticism/movies/take-care-of-maya-review-documentary-1234872302/,2023-06-11T02:00:00Z,"When Maya Kowalski was 10 years old, the once-vibrant Florida youngster started exhibiting a worrying array of ailments: Her feet began cramping and curling inward, she couldn’t stop coughing, headac… [+4841 chars]"
The A.V. Club,Saloni Gajjar,Never Have I Ever season 4 review: Netflix bids farewell to one of its finest originals,"The end of any beloved TV series usually invites a conversation about its legacy. It’s an especially hot topic right now thanks to recent series finales of favorites like Succession, Barry, and The Marvelous Mrs. Maisel, and how these shows left an indelible …",https://www.avclub.com/never-have-i-ever-season-4-review-netflix-1850510835,2023-06-08T07:00:00Z,"The end of any beloved TV series usually invites a conversation about its legacy. Its an especially hot topic right now thanks to recent series finales of favorites like Succession, Barry, and The Ma… [+4883 chars]"
The A.V. Club,William Hughes,Netflix successfully bullied a bunch of password sharers into giving them money,"The cold, unfeeling boot of capitalism has put a W up on the scoreboard yet again this week, as IndieWire reports—working from data provided by research firm Antenna—that Netflix’s efforts to stamp down on password sharing among its users (and their various s…",https://www.avclub.com/netflix-successfully-bullied-a-bunch-of-password-sharer-1850524418,2023-06-09T20:22:00Z,"The cold, unfeeling boot of capitalism has put a W up on the scoreboard yet again this week, as IndieWire reportsworking from data provided by research firm Antennathat Netflixs efforts to stamp down… [+1897 chars]"
IndieWire,Christian Zilko,"Consider This Event: Creating Creepy ‘Stranger Things’ Sounds, and Finding Character via Music in ‘Beef’ and ‘Wednesday’",Craft artists behind these three Netflix shows got together to discuss their creative process at IndieWire's Consider This Event.,https://www.indiewire.com/news/events/stranger-things-wednesday-beef-music-sound-1234869985/,2023-06-03T21:41:13Z,"The 2022-2023 season was a very good time to be a Netflix subscriber. Returning favorites like “Stranger Things” shattered viewership records for the streaming giant, while new projects like “Wednesd… [+4312 chars]"
Digital Trends,Anthony Orlando,This 2013 comedy is one of Netflix’s most popular movies. Here’s why you should watch it,This 2013 comedy is one of Netflix's most popular movies of the week. Find out why We're the Millers deserves to be watched.,https://www.digitaltrends.com/movies/why-were-the-millers-is-one-of-the-best-comedies-of-the-last-decade/,2023-06-10T17:00:23Z,"Now that the beloved comedy Ted Lasso is over, fans are trying to get their Jason Sudeikis fix by watching We’re the Millers on Netflix. Basically Breaking Bad meets National Lampoon’s Vacation, this… [+4832 chars]"
ReadWrite,Brad Anderson,Best TVs Under $500 of 2023,"Are you looking for a high-quality TV without breaking the bank? In this article, we have compiled a list of the best TVs under $500 that offer impressive features and excellent value for your money. Whether you enjoy streaming movies, gaming, or watching you…",https://readwrite.com/best-tvs-under-500/,2023-06-10T21:00:19Z,"Are you looking for a high-quality TV without breaking the bank? In this article, we have compiled a list of the best TVs under $500 that offer impressive features and excellent value for your money.… [+20367 chars]"
Les Numériques,Thibaud Gomès-Léal,"Actualité : Amazon Prime Video prépare aussi un abonnement moins cher, mais avec publicité","À l'instar de Netflix et Disney+, la plateforme de streaming d'Amazon est en train de préparer une offre d'abonnement moins chère, mais avec publicité.",https://www.lesnumeriques.com/cine-svod/amazon-prime-video-prepare-aussi-un-abonnement-moins-cher-mais-avec-publicite-n210402.html,2023-06-08T11:26:00Z,"La plateforme de streaming Amazon Prime Video se met aussi à l'abonnement avec pub.
© Shutterstock
Générer plus de revenus de publicités
Selon nos confrères du Wall Street Journal, la firme de Jef… [+2158 chars]"
IndieWire,Tom Brueggemann,‘Fast X’ Gets Expedited Early PVOD Release and Easily Wins the Race,Netflix for the first time has no originals in their top 10 and only one film more recent than 2018.,https://www.indiewire.com/news/box-office/vod-charts-fast-x-early-on-demand-release-1234873871/,2023-06-13T19:00:00Z,"Universal executives last week made a statement about how lucrative early PVOD availability has been for the studio (over $1 billion in retail revenue, most returned to them). Then on Friday, they ma… [+5912 chars]"
Les Numériques,Thibaud Gomès-Léal,Actualité : Au cœur du Peloton : la série Netflix sur le Tour de France s'offre une bande-annonce palpitante,"Après Formula 1 : Pilote de leur destin et Break Point, Netflix s'attaque au cyclisme et au Tour de France avec sa nouvelle série documentaire Au cœur du Peloton.",https://www.lesnumeriques.com/serie/au-coeur-du-peloton-la-serie-netflix-sur-le-tour-de-france-s-offre-une-bande-annonce-palpitante-n210325.html,2023-06-06T11:35:00Z,"La série-documentaire de Netflix sur le Tour de France arrive le 8 juin.
© Netflix
Alors que l'édition 2023 du Tour de France se déroulera du 1er au 23 juillet, Netflix invite ses abonnés à un peti… [+2572 chars]"
Espinof.com,Carla Monfort,El nuevo reality de Netflix quiere ser 'La isla de las tentaciones' con inteligencia artificial: tráiler y fecha de estreno de 'Falso amor',"Todas quieren su propio 'La isla de las tentaciones' y Netflix no iba a ser menos. La plataforma ha lanzado el primer tráiler de 'Falso amor', su nuevo reality español de parejas poniéndose a prueba con el deepfake, que se estrena el próximo 6 de julio.
<!-- …",https://www.espinof.com/reality/nuevo-reality-netflix-quiere-ser-isla-tentaciones-inteligencia-artificial-trailer-fecha-estreno-falso-amor,2023-06-09T10:01:24Z,"Todas quieren su propio 'La isla de las tentaciones' y Netflix no iba a ser menos. La plataforma ha lanzado el primer tráiler de 'Falso amor', su nuevo reality español de parejas poniéndose a prueba … [+1269 chars]"
GameSpot,Eddie Makuch,Black Mirror Season 6 Trailer Shows Off Five Chilling Nightmares,"Black Mirror is coming back for its sixth season this June, and the newest trailer has arrived. This trailer provides the best look at the new season and shows brief glimpses at the season's five movie-length episodes.Netflix is calling Season 6 the ""most unp…",https://www.gamespot.com/articles/black-mirror-season-6-trailer-shows-off-five-chilling-nightmares/1100-6514673/,2023-05-31T13:23:00Z,"Black Mirror is coming back for its sixth season this June, and the newest trailer has arrived. This trailer provides the best look at the new season and shows brief glimpses at the season's five mov… [+2405 chars]"
Digital Trends,Dan Girolamo,Niki Caro and Joseph Fiennes discuss Netflix’s action thriller The Mother,"In an interview with Digital Trends, Niki Caro and Joseph Fiennes explain the challenges and thrills of working on Netflix's new action drama The Mother.",https://www.digitaltrends.com/movies/niki-caro-joseph-fiennes-the-mother-netflix-interview/,2023-05-15T15:00:37Z,"Never underestimate the power of a mother and the relationship she shares with her daughter, especially when the mother is a deadly assassin. Jennifer Lopez (Hustlers) plays the titular mother in Net… [+8759 chars]"
HYPEBEAST,info@hypebeast.com (Hypebeast),Netflix Begins Henry Cavill’s Farewell With Official 'The Witcher' Season 3 Trailer,"Netflix is gearing up for the bittersweet farewell of Henry Cavill with the release of the official trailer for The Witcher Season 3. The new trailers hows that life is far from roses and rainbows for Geralt, Ciri and Yennefer. Geralt's protective side comes …",https://hypebeast.com/2023/6/netflix-henry-cavill-the-witcher-season-three-official-trailer-release,2023-06-09T03:11:30Z,"Netflix is gearing up for the bittersweet farewell of Henry Cavill with the release of the official trailer for The Witcher Season 3. 
The new trailers hows that life is far from roses and rainbows … [+1009 chars]"
Applesfera.com,Fran Bouzas,Apple TV+ adelanta por la derecha a todos los servicios en Reino Unido: crece un 14% mientras Netflix pierde suscriptores,"Cuando los de Cupertino anunciaron allá por noviembre de 2019 su servicio Apple TV+ algunos teníamos nuestras dudas sobre su viabilidad. Partían prácticamente de cero, el catálogo era escaso, la cadencia de nuevo contenido demasiado baja y su precio tan solo …",https://www.applesfera.com/servicios-apple/apple-tv-adelanta-derecha-a-todos-servicios-reino-unido-crece-14-resto-pierde-suscriptores,2023-06-01T11:36:26Z,"Cuando los de Cupertino anunciaron allá por noviembre de 2019 su servicio Apple TV+algunos teníamos nuestras dudas sobre su viabilidad. Partían prácticamente de cero, el catálogo era escaso, la caden… [+1624 chars]"
Hipertextual,Nolan Rada Galindo,El significado real de los Avengers para Chris Hemsworth,"Desde Avengers: Endgame (2019), el Universo Cinematográfico de Marvel no ha vivido otro evento similar. Aquel relato que empezó con Iron Man (2008) llegó a un nivel en el que narrativa y la conexión con los seguidores fue intensa. El cierre de la fase 3 afect…",http://hipertextual.com/2023/06/chris-hemsworth-los-vengadores-avengers,2023-06-13T14:43:09Z,"Desde Avengers: Endgame (2019), el Universo Cinematográfico de Marvel no ha vivido otro evento similar. Aquel relato que empezó con Iron Man (2008) llegó a un nivel en el que narrativa y la conexión … [+3481 chars]"
Lenta,Сергей Равин,Вышел трейлер шестого сезона «Черного зеркала» с Сальмой Хайек,"Компания Netflix опубликовала трейлер шестого сезона сериала «Черное зеркало». В новой части шоу снялись такие актеры, как Сальма Хайек, Аарон Пол, Бен Барнс, Рори Калкин,Зази Битз, Джош Хартнетт, и многие другие. Шоураннером выступает Чарли Брукер. Премьера …",https://lenta.ru/news/2023/05/31/blackmirror/,2023-05-31T17:49:29Z,"Netflix « ». YouTube- .
 , , , , , , , . .
, , : « », «-», « », « » « 79». Netflix 15 .
 HBO «» «» . , - , -, - The Weeknd."
Motley Fool,newsfeedback@fool.com (Jennifer Saibil),Better Buy: Netflix vs. Roku,These two streaming companies are becoming more similar.,https://www.fool.com/investing/2023/05/21/better-buy-netflix-vs-roku/,2023-05-21T17:30:00Z,"For an industry that exploded over the past two years, with tons of new players and soaring revenue, streaming is beginning a hard fall. But therein lies the problem; there are too many names in the … [+5851 chars]"
Lifehacker.ru,Дарья Громова,«Чёрное зеркало» возвращается: Netflix показал трейлер шестого сезона,Заодно объявили дату релиза. Ждать придётся недолго.,https://lifehacker.ru/shestoj-sezon-chyornogo-zerkala-trejler/,2023-05-31T13:40:33Z,"Netflix 6- « ». 5 , « , » .
 : , , , , , . : .
 Netflix 15 ."
Lifehacker.ru,Дарья Громова,Netflix анонсировал масшатбную презентацию TUDUM — на этот раз живую,"На ней расскажут новости об «Уэнсдей», «Очень странных делах», «Задаче трёх тел» и не только.",https://lifehacker.ru/netflix-tudum-2023-anons/,2023-06-01T15:05:41Z,"Netflix TUDUM 2023. 17 -.
, . «», «» (- « »), «», «», «», «», «», «», «» .
 ?"
Lifehacker.ru,Виктор Подволоцкий,Netflix выпустил трейлер комедийного боевика «Вне закона» с Пирсом Броснаном,Знакомство с родителями и ограбление банка в одном флаконе. Фильм от Адама Сэндлера.,https://lifehacker.ru/trejler-boevika-vne-zakona/,2023-06-06T07:19:44Z,"YouTube- Netflix « » (The Out-Laws). , ,  , .
 , . , , .
 . , , . Netflix 7 ."
The A.V. Club,William Hughes,Wednesday's Percy Hynes White responds to sexual assault allegations,"Several months after being accused of sexual assault in a series of Twitter posts, actor Percy Hynes White issued a statement tonight responding to the accusations. In an Instagram story, the Wednesday actor—who played love interest Xavier in the first season…",https://www.avclub.com/wednesdays-percy-hynes-white-responds-to-sexual-assault-1850517752,2023-06-08T04:20:00Z,"Several months after being accused of sexual assault in a series of Twitter posts, actor Percy Hynes White issued a statement tonight responding to the accusations. In an Instagram story, the Wednesd… [+1604 chars]"
AppleInsider,news@appleinsider.com (William Gallagher),Fans watched 795 million minutes of 'Ted Lasso' in one week,"New ratings research says that Apple TV+ hit ""Ted Lasso"" reached a series high with viewers in April, with season three landing in the Nielsen streaming top ten.""Ted Lasso""As the comedy's third and final season approaches its end, viewing figures for the end …",https://appleinsider.com/articles/23/05/26/fans-watched-795-million-minutes-of-ted-lasso-in-one-week,2023-05-26T11:17:45Z,"""Ted Lasso""
New ratings research says that Apple TV+ hit ""Ted Lasso"" reached a series high with viewers in April, with season three landing in the Nielsen streaming top ten.
As the comedy's third a… [+1926 chars]"
BGR,Andy Meek,Watch all 6 of these series before you complain there’s nothing good on Netflix anymore,"With the proliferation of streamers that exists these days, it can be hard to keep up with all the great content that’s constantly debuting on …
The post Watch all 6 of these series before you complain there’s nothing good on Netflix anymore appeared first on…",https://bgr.com/entertainment/watch-all-6-of-these-series-before-you-complain-theres-nothing-good-on-netflix-anymore/,2023-05-17T01:07:00Z,"With the proliferation of streamers that exists these days, it can be hard to keep up with all the great content that’s constantly debuting on the likes of Disney+, HBO Max (soon to be just Max), Pea… [+5764 chars]"
Espinof.com,Mikel Zorrilla,'El Eternauta': todo lo que sabemos sobre la miniserie de ciencia ficción de Netflix que adapta uno de los mejores cómics de la historia,"Uno de los proyectos más apetecibles que Netflix tiene entre manos es 'El Eternauta', adaptación del sensacional cómic de ciencia ficción escrito por Héctor Germán Oesterheld y y dibujado por Francisco Solano López que se publicó por primera vez entre 1957 y …",https://www.espinof.com/fecha-de-estreno/eternauta-fecha-estreno-reparto-trailer-todo-que-sabemos-miniserie-ciencia-ficcion-netflix,2023-05-21T13:30:05Z,"Uno de los proyectos más apetecibles que Netflix tiene entre manos es 'El Eternauta', adaptación del sensacional cómic de ciencia ficción escrito por Héctor Germán Oesterheld y y dibujado por Francis… [+3332 chars]"
BGR,Chris Smith,When will Spider-Man: Across the Spider-Verse stream on Netflix?,"Spider-Man: Across the Spider-Verse needed just two weeks at the box office to beat Into the Spider-Verse’s entire domestic run ($190 million). The sequel will …
The post When will Spider-Man: Across the Spider-Verse stream on Netflix? appeared first on BGR.",https://bgr.com/entertainment/when-will-spider-man-across-the-spider-verse-stream-on-netflix/,2023-06-13T18:31:00Z,Spider-Man: Across the Spider-Verse needed just two weeks at the box office to beat Into the Spider-Verse’s entire domestic run ($190 million). The sequel will continue playing in theaters for severa… [+2206 chars]
Netflixtechblog.com,Netflix Technology Blog,Debugging a FUSE deadlock in the Linux kernel,"I work on the Compute team at Netflix, which is charged with managing all AWS and containerized workloads at Netflix, including autoscaling, deployment of containers, issue remediation, etc. This…",https://netflixtechblog.com/debugging-a-fuse-deadlock-in-the-linux-kernel-c75cd7989b6d,2023-05-19T19:21:03Z,"Tycho Andersen
I work on the Compute team at Netflix, which is charged with managing all AWS and containerized workloads at Netflix, including autoscaling, deployment of containers, issue remediatio… [+15301 chars]"
The Guardian,Joel Golby,"White House Plumbers: this Watergate drama’s cast is dazzling. Unfortunately, it’s terrible","Woody Harrelson and Justin Theroux lead an all-star production with a gigantic budget. But why do the two leads seem to be acting in totally different shows?Here is a list of things I love (incomplete), all of which are pertinent to HBO’s new dazzlingly cast …",https://www.theguardian.com/tv-and-radio/2023/may/27/white-house-plumbers-this-watergate-dramas-cast-is-dazzling-unfortunately-its-terrible,2023-05-27T06:00:14Z,"Here is a list of things I love (incomplete), all of which are pertinent to HBOs new dazzlingly cast hour-long White House Plumbers (30 May, 9pm, Sky Atlantic): Justin Therouxs huge performance in Ma… [+9551 chars]"
Faz.net,jant.,Wohl dank True-Crime-Doku: Vermisstes Mädchen lebend gefunden,2017 wurde die damals neun Jahre alte Kayla von ihrer Mutter entführt – nun wurde die Täterin in einem Geschäft erkannt: Der Fall war vor einigen Monaten in einer Netflix-Serie aufgegriffen worden.,https://www.faz.net/aktuell/gesellschaft/kriminalitaet/wohl-dank-true-crime-doku-vermisstes-maedchen-lebend-gefunden-18906228.html,2023-05-19T16:34:58Z,"Ob als Zeitschrift, Podcast oder Doku-Serie: True-Crime-Formate erfreuen sich großer Beliebtheit. Und manchmal können sie dazu beitragen, Kriminalfälle aufzuklären. So geschah es zumindest vergangene… [+1582 chars]"
HYPEBEAST,info@hypebeast.com (Hypebeast),"Aaron Paul, Salma Hayek and More Feature in New Trailer for ‘Black Mirror’ Season 6","Black Mirror viewers have been waiting for season six of the show for the past few years now. The fifth season of the sci-fi anthology series debuted in 2019 and was a short one at that, clocking in at just three episodes.Fans thankfully won’t have to wait mu…",https://hypebeast.com/2023/5/aaron-paul-salma-hayek-black-mirror-season-6-trailer-watch,2023-05-31T19:15:55Z,"Black Mirror viewers have been waiting for season six of the show for the past few years now. The fifth season of the sci-fi anthology series debuted in 2019 and was a short one at that, clocking in … [+1196 chars]"
Android Central,andrew.myrick@futurenet.com (Andrew Myrick),4 things Android 15 needs to steal from iOS 17,"Android 14's features are pretty much set, but with iOS 17 coming soon, we take a look at a few things Google could steal from Apple next year.",https://www.androidcentral.com/apps-software/4-things-android-should-steal-from-ios-17,2023-06-08T13:30:00Z,"Whenever there's a new version of Android or iOS released, it's always interesting to see whether one side or the other could benefit from features. Regardless of whether you're firmly in the Android… [+5237 chars]"
01net.com,Florian Bayard,Netflix reporte la fin du partage de mots de passe,"Netflix a préféré reporter l'interdiction du partage de comptes de quelques mois. La firme américaine craint en effet qu'une partie de ses abonnés, agacés par la mesure, ne quittent le navire... à l'heure où ses finances sont en berne.",https://www.01net.com/?p=1147966,2023-05-18T12:00:32Z,"Netflix a préféré reporter l’interdiction du partage de comptes de quelques mois. La firme américaine craint en effet qu’une partie de ses abonnés, agacés par la mesure, ne quittent le navire… à l’he… [+3327 chars]"
Espinof.com,Carla Monfort,¡Ladybug viene a vencer en Netflix! Por fin tenemos fecha de estreno y tráiler para la nueva película de los superhéroes más famosos de París,"Se acabó la espera: Netflix ha lanzado el tráiler de la película de 'Prodigiosa: Las aventuras de Ladybug', la nueva cinta del icónico personaje se estrenará el próximo 28 de julio en la plataforma.
<!-- BREAK 1 -->
¡Puntos fuera!

Desde hace tiempo, sabíamos…",https://www.espinof.com/trailers/ladybug-viene-a-vencer-netflix-fin-tenemos-fecha-estreno-trailer-para-nueva-pelicula-superheroes-famosos-paris,2023-05-18T09:01:10Z,"Se acabó la espera: Netflix ha lanzado el tráiler de la película de 'Prodigiosa: Las aventuras de Ladybug', la nueva cinta del icónico personaje se estrenará el próximo 28 de julio en la plataforma.… [+1482 chars]"
Espinof.com,Mikel Zorrilla,"La película de ciencia ficción más ambiciosa de la historia hecha en España es de Netflix, se estrena en julio y aquí está su tráiler final","{""videoId"":""x8lm0rz"",""autoplay"":true,""title"":""'Bird Box Barcelona', tráiler final"",""tag"":""Bird Box: Barcelona""}
 



 Netflix ha decidido intensificar la campaña promocional de 'Bird Box: Barcelona', una película que apunta a ser la más ambiciosa de ciencia…",https://www.espinof.com/trailers/pelicula-ciencia-ficcion-ambiciosa-historia-hecha-espana-netflix-se-estrena-julio-aqui-esta-su-trailer-final,2023-06-08T13:31:20Z,"Netflix ha decidido intensificar la campaña promocional de 'Bird Box: Barcelona', una película que apunta a ser la más ambiciosa de ciencia ficción hecha nunca en España -que hay algunas muy buenas, … [+1553 chars]"
Android Central,jerry.hildenbrand@futurenet.com (Jerry Hildenbrand),The problem with Passkeys,The Passkey concept is a fine way to approach online security but there are plenty of issues to work out.,https://www.androidcentral.com/phones/the-problem-with-passkeys,2023-05-27T15:14:29Z,Google and other companies have been working with the FIDO Alliance to change how online security works using a concept they are calling the Passkey. It's a great idea with a few flaws that mean it's… [+4776 chars]
01net.com,Gabriel Manceau,Netflix : peut-on contourner l’interdiction du partage de comptes ?,"Cela ne vous a probablement pas échappé, Netflix a mis fin cette semaine au partage de compte entre utilisateurs. Il faudra désormais payer pour ajouter des membres supplémentaires hors du foyer principal. Mais est-il possible de contourner cette nouvelle res…",https://www.01net.com/actualites/netflix-peut-on-contourner-linterdiction-du-partage-de-comptes.html,2023-05-28T10:02:26Z,"Cela ne vous a probablement pas échappé, Netflix a mis fin cette semaine au partage de compte entre utilisateurs. Il faudra désormais payer pour ajouter des membres supplémentaires hors du foyer prin… [+8650 chars]"
Cracked.com,Matt Solomon,Amy Schumer’s New Netflix Is Too Tame for the Backlash She’s Worried About,Burning bridges? Schumer’s jokes are more comfortable than controversial,https://www.cracked.com/article_38321_amy-schumers-new-netflix-is-too-tame-for-the-backlash-shes-worried-about.html,2023-06-13T13:00:00Z,"Amy Schumer is braced for some blowback about Emergency Contact, her new Netflix stand-up special that drops today. Im talking smack. Im burning bridges, Schumer told Today. Im like, how are people g… [+1329 chars]"
Espinof.com,Mariló Delgado,Una mujer shogun y un Japón feudal convertido en matriarcado: Netflix fija la fecha de estreno de 'Ooku: The Inner Chambers' con un dramático tráiler,"{""videoId"":""x8l5x2h"",""autoplay"":true,""title"":""'Ooku :the Inner Chambers' - Trailer"",""tag"":""Ooku: The Inner Chambers""}
 



 Netflix lleva ya un tiempo apostando por el anime y estrenando unas cuantas películas y series al año... aunque nunca sabes cuándo te…",https://www.espinof.com/anime/mujer-shogun-japon-feudal-convertido-matriarcado-netflix-desvela-fecha-estreno-ooku-the-inner-chambers-dramatico-trailer,2023-05-23T13:01:22Z,"Netflix lleva ya un tiempo apostando por el anime y estrenando unas cuantas películas y series al año... aunque nunca sabes cuándo te va a salir por sorpresa con una.
Ya había confirmado que el anim… [+1766 chars]"
The Guardian,Guy Lodge,Streaming: Cocaine Bear and the best ‘so bad they’re good’ films,"Farcical thriller Cocaine Bear – about a drugged-up bear on the loose – follows in the knowingly naff footsteps of Snakes on a Plane, Sharknado and moreThere are some films that feel like a mere addendum to their trailer, and Cocaine Bear is one: an idea that…",https://www.theguardian.com/film/2023/may/20/streaming-cocaine-bear-and-the-best-so-bad-theyre-good-films,2023-05-20T07:00:51Z,"There are some films that feel like a mere addendum to their trailer, and Cocaine Bear is one: an idea that sounds so good and so funny as a quick synopsis that its almost immaterial whether the fini… [+5368 chars]"
The Guardian,Sarah Manavis,"No, Succession’s antiheroes don’t have hidden depths: that’s what makes it so compelling | Sarah Manvis","In a TV landscape offering only the worst of humanity or the syrupy best of it, I know which I’d chooseIn debates over who is the least competent sibling, arguments for which actor’s performance is best and theories around how it’s all going to end, one quest…",https://www.theguardian.com/commentisfree/2023/may/26/succession-antiheroes-hidden-depths-worst-humanity,2023-05-26T07:00:27Z,"In debates over who is the least competent sibling, arguments for which actors performance is best and theories around how its all going to end, one question dogs social media discussion about Succes… [+5176 chars]"
The Guardian,Associated Press,"Danny Masterson, star of That ’70s Show, found guilty of rape","47-year-old actor, who allegedly drugged women’s drinks, faces up to 30 years in prison after jury finds him guiltyDanny Masterson, the actor best known for his role in That ’70s Show, was found guilty of two counts of rape on Wednesday in a Los Angeles retri…",https://www.theguardian.com/tv-and-radio/2023/may/31/danny-masterson-that-70s-show-found-guilty-rape,2023-05-31T21:35:31Z,"Danny Masterson, the actor best known for his role in That 70s Show, was found guilty of two counts of rape on Wednesday in a Los Angeles retrial in which the Church of Scientology played a central r… [+4812 chars]"
The Guardian,Miranda Sawyer,The week in audio: Witch; Spellcaster: The Fall of Sam Bankman-Fried; History’s Secret Heroes – review,"From the host of 28ish Days Later, a wonderfully written defence of witchcraft; the ‘schaden-fraud’ story of a crypto bro; and fascinating tales of wartime derring-do with Helena Bonham CarterWitch (BBC Radio 4) | BBC SoundsSpellcaster: The Fall of Sam Bankma…",https://www.theguardian.com/tv-and-radio/2023/jun/03/witch-india-rakusen-radio-4-review-spellcaster-the-fall-of-sam-bankman-fried-historys-secret-heroes-with-helena-bonham-carter,2023-06-03T16:00:35Z,"Witch (BBC Radio 4) | BBC SoundsSpellcaster: The Fall of Sam Bankman-Fried (Wondery) Historys Secret Heroes, with Helena Bonham Carter (BBC Radio 4) | BBC Sounds
India Rakusen, host of the excellent… [+5609 chars]"
The Guardian,Zoe Williams,"Prince Harry is not wrong to feel injustice, but he won't find vindication in a court of law | Zoe Williams","The royal is dogged, but what he’s fighting is tabloid culture. It will be difficult for him to ever establish the guilt of individualsNever mind waiting for Mr Justice Fancourt to produce his findings, the tabloid newspapers were declaring their collective t…",https://www.theguardian.com/commentisfree/2023/jun/08/prince-harry-court-royals-tabloid-culture,2023-06-08T06:00:02Z,"Never mind waiting for Mr Justice Fancourt to produce his findings, the tabloid newspapers were declaring their collective triumph before Prince Harry had even been released from giving evidence agai… [+4458 chars]"
The Guardian,Anthony Cummins,Yellowface by Rebecca F Kuang – a wickedly funny publishing thriller,"In the follow-up to her bestseller, Babel, Kuang delivers a hugely entertaining account of a brazen literary heistRebecca F Kuang has followed her bestselling “dark academia” novel Babel with a zeitgeisty thriller set in the world of publishing that tells the…",https://www.theguardian.com/books/2023/may/21/yellowface-by-rebecca-f-kuang-a-wickedly-funny-publishing-thriller,2023-05-21T08:00:21Z,Rebecca F Kuang has followed her bestselling dark academia novel Babel with a zeitgeisty thriller set in the world of publishing that tells the tale of two young novelists in Washington DC. Theres At… [+4353 chars]
The Guardian,Amy Hawkins Senior China correspondent,Taiwan’s ruling party rocked by sexual harassment claims,"President apologises for second time in a week as politics and media embroiled in #MeToo allegations Taiwan’s ruling party has been rocked by a wave of sexual harassment allegations, as the country grapples with a #MeToo movement that has encompassed politics…",https://www.theguardian.com/world/2023/jun/08/taiwan-ruling-party-rocked-sexual-harassment-claims-metoo,2023-06-08T13:49:10Z,"Taiwans ruling party has been rocked by a wave of sexual harassment allegations, as the country grapples with a #MeToo movement that has encompassed politics and the media.
On Tuesday, President Tsa… [+4380 chars]"
Rolling Stone,Marlow Stern,‘Selling Sunset’ Star Bre Tiesi Is More Than Nick Cannon’s Baby Mama,"Breakout star of the Netflix realty-reality series Selling Sunset talks motherhood, reality TV, and why people have her situation all wrong",https://www.rollingstone.com/tv-movies/tv-movie-features/selling-sunset-bre-tiesi-nick-cannon-baby-mama-netflix-reality-tv-motherhood-chelsea-lazkani-real-estate-1234742662/,2023-05-26T14:00:00Z,"A new season of Netflix’s Selling Sunsethas ushered in some new cast members, including 32-year-old real estate agent Bre Tiesi. Born and raised in Los Angeles, Tiesi spent years as a model and also … [+8209 chars]"
Xataka.com,John Tones,Ni 'Citadel' ni 'Los Anillos de Poder': esta serie de fantasía entra en tromba en lo más visto de Prime Video,"El pasado 25 de mayo llegaron a Prime Video todos los episodios de la primera temporada de esta serie de fantasía con un enfoque abiertamente juvenil y que ya se está encaramando a los puestos de lo más visto en Prime Video, según fuentes como FlixPatrol. Se …",https://www.xataka.com/streaming/citadel-anillos-poder-esta-serie-fantasia-entra-tromba-visto-prime-video,2023-06-06T18:01:17Z,El pasado 25 de mayo llegaron a Prime Video todos los episodios de la primera temporada de esta serie de fantasía con un enfoque abiertamente juvenil y que ya se está encaramando a los puestos de lo … [+1840 chars]
Xataka.com,John Tones,Prime Video también quiere publicidad: Amazon abre una opción con anuncios y sin suscripción a Prime,"Queda claro que es la nueva tendencia dentro del streaming, una opción para economizar y recortar gastos en un momento en el que los elevadísimos gastos de las plataformas (y ahí Prime Video tiene poco de lo que presumir: entre 'Citadel' y 'Los Anillos de Pod…",https://www.xataka.com/streaming/prime-video-tambien-quiere-publicidad-amazon-abre-opcion-anuncios-suscripcion-a-prime,2023-06-09T10:01:24Z,"Queda claro que es la nueva tendencia dentro del streaming, una opción para economizar y recortar gastos en un momento en el que los elevadísimos gastos de las plataformas (y ahí Prime Video tiene po… [+2489 chars]"
Xataka.com,Javier Marquez,‘Futurama’ regresará en julio: el primer teaser nos regala un interesante vistazo a la nueva (y esperada) temporada,"La mítica comedia animada creada por Matt Groening y lanzada a finales de la década de 1990 regresará con una nueva temporada el 24 de julio de este año. Estamos hablando de ‘Futurama’, que tal y como estaba previsto aterrizará en la plataforma de streaming e…",https://www.xataka.com/streaming/futurama-regresara-julio-primer-teaser-nos-regala-interesante-vistazo-a-nueva-esperada-temporada,2023-05-18T17:50:31Z,"La mítica comedia animada creada por Matt Groening y lanzada a finales de la década de 1990 regresará con una nueva temporada el 24 de julio de este año. Estamos hablando de Futurama, que tal y como … [+2170 chars]"
Netflixtechblog.com,Netflix Technology Blog,ABAC on SpiceDB: Enabling Netflix’s Complex Identity Types,"The authorization team at Netflix recently sponsored work to add Attribute Based Access Control (ABAC) support to AuthZed’s open source Google Zanzibar inspired authorization system, SpiceDB. Netflix…",https://netflixtechblog.com/abac-on-spicedb-enabling-netflixs-complex-identity-types-c118f374fa89,2023-05-19T12:01:47Z,"By Chris Wolfe, Joey Schorr, and Victor Roldán Betancort
Introduction
The authorization team at Netflix recently sponsored work to add Attribute Based Access Control (ABAC) support to AuthZeds open… [+13955 chars]"
Espinof.com,Carla Monfort,Netflix se lanza con otro exitoso cómic de fantasía: 'Nimona' ya tiene tráiler y fecha de estreno,"{""videoId"":""x8l1ifm"",""autoplay"":true,""title"":""'Nimona' Tráiler Netflix"",""tag"":""""}
 



 Netflix sigue completando su lista de estrenos animados para este verano. Ahora es el turno de 'Nimona', la adaptación del popular cómic de fantasía de ND Stevenson, que…",https://www.espinof.com/trailers/netflix-se-lanza-otro-exitoso-comic-fantasia-nimona-tiene-trailer-fecha-estreno,2023-05-18T14:31:10Z,"Netflix sigue completando su lista de estrenos animados para este verano. Ahora es el turno de 'Nimona', la adaptación del popular cómic de fantasía de ND Stevenson, que se estrenará el próximo 30 de… [+1088 chars]"
/FILM,Joe Roberts,The Best TV Shows And Movies Coming To Netflix In June 2023,"As you traverse the crowded streaming landscape, you may just have forgotten about good old Netflix. If, like me, you've lapped up pretty much everything Hollywood has tossed to us streaming peasants, you might be more tempted to see what's up with the newly …",https://www.slashfilm.com/1295465/tv-shows-and-movies-coming-to-netflix-june-2023/,2023-05-24T21:00:00Z,"What's better than Chris Hemsworth doing some hardcore extracting? Having him do it again and putting the man through the absolute wringer. ""Extraction"" was, at least according to Netflix, a massive … [+1286 chars]"
/FILM,Lee Adams,The Dutch Mystery Movie That Claimed A Spot In Netflix's Top 10,"I'm not the biggest fan of Netflix. I don't want to get into a huge rant about it, but my biggest issue is that here in the Czech Republic, it takes the service forever to upload any new movies. Then, when something fresh finally drops, it's usually something…",https://www.slashfilm.com/1293669/dutch-mystery-movie-claimed-spot-in-netflixs-top-10/,2023-05-27T20:00:10Z,"I'm not the biggest fan of Netflix. I don't want to get into a huge rant about it, but my biggest issue is that here in the Czech Republic, it takes the service forever to upload any new movies. Then… [+1412 chars]"
IndieWire,Sarah Shachat,"‘The Crown’ Got Dark in Season 5, but Its Best Scene Was Blue","The death blow to Charles and Diana's marriage sets up one of the most stylish, visually powerful scenes in the Netflix series.",https://www.indiewire.com/features/craft/crown-episode-nine-season-5-charles-diana-divorce-1234784290/,2023-06-12T16:00:00Z,Season 5 of “The Crown” sets sail over some very troubled waters and makes no moves to avoid the rocks. Even folks whose knowledge of Princess Di begins and ends with the Beanie Baby know that her di… [+5053 chars]
IndieWire,Jude Dry,Anna Nicole to Pamela: Two Netflix Documentaries Try to Find New Context for the Blonde Bombshell as Cultural Icon,Two recent Netflix docs attempt to re-evaluate the way women who embraced their sex appeal were (and are) treated by the media.,https://www.indiewire.com/features/commentary/anna-nicole-smith-pamela-anderson-netflix-bombshell-1234864050/,2023-05-17T17:00:00Z,"Now that Britney is free and Pamela Anderson did Broadway, it’s time for Anna Nicole Smith’s day in court — and not the bankruptcy kind. 
Six years after MeToo dragged all the musty old skeletons ou… [+5447 chars]"
IndieWire,Jim Hemphill,‘It Wasn’t Just a Case of Doing Cool Sh*t’: ‘The Mother’ Fight Scenes Smart,"Director Niki Caro told IndieWire about what went into the crafting of Jennifer Lopez's many, many action sequences in the Netflix film",https://www.indiewire.com/features/craft/the-mother-netflix-niki-caro-action-jennifer-lopez-1234863070/,2023-05-15T18:00:00Z,"In Netflix’s new thriller “The Mother,” Jennifer Lopez plays a military-trained assassin with a complicated criminal past who comes out of hiding to rescue the daughter she gave up years earlier. The… [+3629 chars]"
IndieWire,Samantha Bergeson,‘Black Mirror’ Season 6 Trailer: Sci-Fi Anthology Series Returns with New Cast and Release Date,"Salma Hayek Pinault, Aaron Paul, Josh Hartnett, Kate Mara, and more star in the latest installment of the mind-bending Netflix anthology series.",https://www.indiewire.com/news/trailers/black-mirror-season-6-trailer-release-date-1234869189/,2023-05-31T13:17:22Z,"Nothing is really what is seems. 
The sixth season of beloved mind-bending series “Black Mirror” includes an ensemble cast of Aaron Paul, Michael Cera, Salma Hayek Pinault, Myha’la Herrold, Kate Mar… [+2076 chars]"
IndieWire,Tom Brueggemann,One Half of Bennifer Thrived This Weekend as the Other Half Flopped,"Jennifer Lopez's ""The Mother"" and Ben Affleck's ""Hypnotic"" share similar plots. One flopped in theaters, the other is #1 on Netflix.",https://www.indiewire.com/news/box-office/vod-charts-the-mother-netflix-jlo-hit-1234863151/,2023-05-16T16:30:00Z,"Just before “The Super Mario Bros. Movie” (Universal) arrives on PVOD May 16 (an unusually long 41 days after theatrical release), three films — two are new releases — ranked #1 this week.
May 12 sa… [+5479 chars]"
IndieWire,Jim Hemphill,Hot Wheels and Realism: Crafting Stunts for ‘The Night Agent’,The Netflix series' star Gabriel Basso and stunt coordinator Mike Mitchell told IndieWire about the combination of prep and spontaneity that made the fights so visceral.,https://www.indiewire.com/craft-considerations/the-night-agent-netflix-stunts-video-interview-1234861806/,2023-05-19T17:00:00Z,"The first season of Netflix series “The Night Agent” is one of the season’s most immersive and kinetic action shows, largely thanks to stunt coordinator Mike Mitchell. As the artist in charge of the … [+4191 chars]"
IndieWire,Brian Welk,Netflix’s First Swing into Live Sports? A Celebrity Golf Tournament,"The streamer is in talks for a live event from Las Vegas that would combine stars from its shows ""Full Swing"" and the F1 series ""Drive to Survive.""",https://www.indiewire.com/news/business/netflix-live-stream-celebrity-golf-tournament-report-1234874309/,2023-06-13T17:30:59Z,"As Ted Sarandos once said, Netflix isn’t “anti-sports,” they’re “pro-profit” — and it turns out the streamer may have found a live sports event that’s worth taking a swing at. 
The Wall Street Journ… [+2144 chars]"
/FILM,Valerie Ettenhofer,The French Crime Thriller That Claimed Netflix's Number 1 Spot,"Netflix has its fair share of problems, but its impressive slate of films and shows from all over the world isn't one of them. The streamer regularly makes new international shows and movies available to a mass audience, and with big hits like ""Squid Game,"" ""…",https://www.slashfilm.com/1294684/french-crime-thriller-that-claimed-netflixs-number-1-spot/,2023-05-24T02:00:29Z,"Netflix has its fair share of problems, but its impressive slate of films and shows from all over the world isn't one of them. The streamer regularly makes new international shows and movies availabl… [+1663 chars]"
Caschys Blog,André Westphal,Netflix droht aufgrund neuer Regelungen in Großbritannien mit der Entfernung von Inhalten,"Netflix und andere Streaming-Anbieter sehen sich in Großbritannien mit neuen Regelungen konfrontiert. Im Wesentlichen greifen dort bald für derartige Plattformen ähnliche Regularien, wie auch für TV-Sender, was die Inhalte betrifft. Content, der als schädlich…",https://stadt-bremerhaven.de/netflix-droht-aufgrund-neuer-regelungen-in-grossbritannien-mit-der-entfernung-von-inhalten/,2023-05-31T06:30:05Z,"Netflix und andere Streaming-Anbieter sehen sich in Großbritannien mit neuen Regelungen konfrontiert. Im Wesentlichen greifen dort bald für derartige Plattformen ähnliche Regularien, wie auch für TV-… [+2048 chars]"
Caschys Blog,André Westphal,Netflix: Vorgehen gegen das Passwort-Sharing führt in den USA zu Abo-Zuwächsen,"Netflix geht mittlerweile auch in Europa bzw. Deutschland gegen das Passwort-Sharing vor. In Spanien soll das nicht so erfolgreich gelaufen sein und erstmal zu einem Abonnentenverlust geführt haben. Schenkt man wiederum den Analysten von Antenna Glauben, dann…",https://stadt-bremerhaven.de/netflix-vorgehen-gegen-das-passwort-sharing-fuehrt-in-den-usa-zu-abo-zuwaechsen/,2023-06-10T15:00:14Z,Netflix geht mittlerweile auch in Europa bzw. Deutschland gegen das Passwort-Sharing vor. In Spanien soll das nicht so erfolgreich gelaufen sein und erstmal zu einem Abonnentenverlust geführt haben. … [+1470 chars]
/FILM,staff@slashfilm.com (Eric Langberg),"The 16 Best I Think You Should Leave Season 3 Sketches, Ranked","Netflix dropped the awesome third season of its Tim Robinson sketch show, &amp;#39;I Think You Should Leave.&amp;#39; These are the season&amp;#39;s 16 best sketches, ranked.",https://www.slashfilm.com/1310733/i-think-you-should-leave-season-3-sketches-ranked/,2023-06-12T09:15:30Z,"The best three sketches of ""I Think You Should Leave"" Season 3 share one common element. Rather than being infomercial parodies, game show parodies, or short, punchy setups, the best three are basica… [+1196 chars]"
IndieWire,Tony Maglio,Netflix Gets a Flood of New Subscribers After U.S. Password Crackdown,Measurement company Antenna has tracked Netflix's daily sign-ups for more than four years.,https://www.indiewire.com/news/analysis/netflix-new-subscribers-password-crackdown-1234873149/,2023-06-09T17:30:00Z,"Netflix had a nice few days leading up to Memorial Day Weekend 2023.
According to new research from Antenna, from May 24-27, Netflix enjoyed its four largest days of U.S. signups in the four-and-a-h… [+3459 chars]"
Highsnobiety,,It Happened: Netflix Kicked Me Off My Parents' Account,"By a show of hands, who here has been personally victimized by Netflix's anti-password-sharing campaign? (raises hand)If you don't mind, I'd like to share my s…",https://www.highsnobiety.com/p/netflix-password-sharing/,2023-06-10T17:22:13Z,"By a show of hands, who here has been personally victimized by Netflix's anti-password-sharing campaign? (raises hand)
If you don't mind, I'd like to share my story: I was fresh off of work. My stom… [+2789 chars]"
Xatakamovil.com,Iván Ramírez,'Mi lista' de Netflix al fin te deja distinguir lo que has visto de lo que quieres ver,"Netflix acaba de mejorar considerablemente su función de 'Mi lista', en móviles Android y en los iPhone, añadiendo opciones para filtrar y ordenar los elementos. En la práctica nos permite, por fin, distinguir lo que hemos visto de lo que queremos ver.
<!-- B…",https://www.xatakamovil.com/streaming/mi-lista-netflix-al-fin-te-deja-distinguir-que-has-visto-que-quieres-ver,2023-05-23T08:45:22Z,"Netflix acaba de mejorar considerablemente su función de 'Mi lista', en móviles Android y en los iPhone, añadiendo opciones para filtrar y ordenar los elementos. En la práctica nos permite, por fin, … [+2018 chars]"
/FILM,Witney Seibold,The Best TV Shows And Movies Leaving Netflix In June 2023,"Like sands through the hourglass, so too pass titles from the catalog of streaming services. Netflix, according to the handy resource website JustWatch, has only 3,600 movies at any given moment, and about 1,800 TV shows. That is, of course, plenty of enterta…",https://www.slashfilm.com/1295520/tv-shows-and-movies-leaving-netflix-june-2023/,2023-05-24T18:57:13Z,"To state it up front: the ""Resident Evil"" movies are trash. They are clunky, badly written, contain action scenes of intermittent quality, and sport stories that are impossible to follow. That said, … [+1046 chars]"
Les Numériques,Thibaud Gomès-Léal,Actualité : The Witcher saison 3 : l'ultime aventure d'Henry Cavill en Geralt s'offre une nouvelle bande-annonce,"Geralt, Yennefer et Ciri repartent au combat dans la nouvelle bande-annonce de la saison 3 de The Witcher.",https://www.lesnumeriques.com/serie/the-witcher-saison-3-l-ultime-aventure-d-henry-cavill-en-geralt-s-offre-une-nouvelle-bande-annonce-n210428.html,2023-06-09T09:35:00Z,"Geralt (Henry Cavill) dans The Witcher, saison 3.
© Netflix
À trois semaines du début de sa diffusion sur Netflix, la saison 3 de The Witcher fait monter un peu plus nos attentes avec une toute nou… [+2819 chars]"
The A.V. Club,Saloni Gajjar,Let's appreciate Tim Robinson's perfectly flexible face in I Think You Should Leave,"Tim Robinson is a man of many faces. Based solely on his Netflix sketch series I Think You Should Leave, there’s almost nothing he won’t do to show that skill off, and the former Saturday Night Live actor molds his expressions like no other. Is one of his ITY…",https://www.avclub.com/in-praise-of-tim-robinsons-perfectly-flexible-face-1850506090,2023-06-07T16:00:00Z,"Tim Robinson is a man of many faces. Based solely on his Netflix sketch series I Think You Should Leave, theres almost nothing he wont do to show that skill off, and the former Saturday Night Liveact… [+4532 chars]"
The A.V. Club,Drew Gillis,How the last writers' strike inspired one of 30 Rock's most memorable moments,"A decade after 30 Rock finished its run, the series still feels like one of TV’s most talked about shows. Part of this is because of the rise of streaming. While 30 Rock was never a ratings winner in its day, people have consistently discovered it years later…",https://www.avclub.com/writers-strike-30-rock-2008-episode-210-1850442742,2023-05-17T13:00:00Z,"A decade after 30 Rock finished its run, the series still feels like one of TVs most talked about shows. Part of this is because of the rise of streaming. While 30 Rock was never a ratings winner in … [+4787 chars]"
CNET,Carrie Mihalcik,"Amazon to Launch Prime Video Plan With Ads, Report Says - CNET",Most other major streaming services already offer a plan with ads.,https://www.cnet.com/tech/services-and-software/amazon-to-launch-prime-video-plan-with-ads-report-says/,2023-06-07T19:29:09Z,"Amazon is reportedly planning to launch an ad-supported tier of its Prime Video streaming service. During the past several weeks, the retail giant has been discussing a variety of options to introduc… [+1968 chars]"
The A.V. Club,Timothy Cogshell,White Men Can’t Jump review: this remake barely hits the rim,"On the heels of his interracial romantic comedy You People, which arrived earlier this year on Netflix, comes Kenya Barris’ remake of the 1992 interracial buddy comedy White Men Can’t Jump, which arrives May 19 on Hulu. Race is often on Barris’ mind, as anyon…",https://www.avclub.com/white-men-can-t-jump-review-jack-harlow-calmatic-1850415118,2023-05-18T13:00:00Z,"On the heels of his interracial romantic comedy You People, which arrived earlier this year on Netflix, comes Kenya Barris remake of the 1992 interracial buddy comedy White Men Cant Jump, which arriv… [+4781 chars]"
The A.V. Club,Sam Barsanti,Surely the ultimate Black Mirror move would’ve been filming ChatGPT’s awful Black Mirror episode?,"Black Mirror creator Charlie Brooker recently sat down with Empire to talk about the new season of techno-horror show (coming to Netflix on June 15), and he dropped a shocking reveal that is more shocking than anything in an actual Black Mirror episode: He tr…",https://www.avclub.com/black-mirror-chatgpt-episode-1850512943,2023-06-07T00:30:00Z,"Black Mirror creator Charlie Brooker recently sat down with Empire to talk about the new season of techno-horror show (coming to Netflix on June 15), and he dropped a shocking reveal that is more sho… [+2179 chars]"
Lifehacker.ru,Виктор Подволоцкий,Netflix объявил о скором выходе реалити-шоу по «Игре в кальмара»,"456 участников, 10 эпизодов с играми и огромный денежный приз.",https://lifehacker.ru/netflix-o-realiti-shou-po-igre-v-kalmara/,2023-05-18T05:44:08Z,"Netflix , - Squid Game: The Challenge, «», . 17 , .
 Netflix Upfronts. . 456 4,56 -.
: Netflix
, , . , , , , , .
 . (HSE) , , . -, -, , .
, , 10 ."
Caschys Blog,André Westphal,Amazon Prime Video: Passwort-Sharing bleibt offiziell untersagt,"Netflix geht mittlerweile weltweit gegen das Account-Sharing über einen Haushalt hinaus vor. Untersagt ist das zwar laut Nutzungsbedingungen schon lange, doch man tolerierte es lange stillschweigend, wenn ihr das Streaming-Angebot gemeinsam an verschiedenen A…",https://stadt-bremerhaven.de/amazon-prime-video-passwort-sharing-bleibt-offiziell-untersagt/,2023-05-26T13:30:00Z,"Netflix geht mittlerweile weltweit gegen das Account-Sharing über einen Haushalt hinaus vor. Untersagt ist das zwar laut Nutzungsbedingungen schon lange, doch man tolerierte es lange stillschweigend,… [+2272 chars]"
Yahoo Entertainment,Zheping Huang and David Ingles,China’s Netflix Revives HK Listing Plan After Curbing Losses,(Bloomberg) -- IQiyi Inc. is again exploring a second listing in Hong Kong just as China’s answer to Netflix Inc. looks on track to reverse years of...,https://finance.yahoo.com/news/china-netflix-revives-hk-listing-220000696.html,2023-05-24T22:00:00Z,"(Bloomberg) -- IQiyi Inc. is again exploring a second listing in Hong Kong just as Chinas answer to Netflix Inc. looks on track to reverse years of losses.
Most Read from Bloomberg
The US-listed Ba… [+3701 chars]"
Genbeta.com,Marcos Merino,Cuidado con este email que anuncia que te quedas sin streaming: para ‘problema de pago’ el que tendrás si le haces caso,"Hace unos meses, a finales de 2022 los clientes de Netflix empezaron a sufrir una campaña de SMS fraudulentos que les indicaban que su pago ""no había sido confirmado"". Ya en febrero de este año, sufrieron también una nueva oleada de mensajes anunciando una su…",https://www.genbeta.com/seguridad/cuidado-este-email-que-anuncia-que-te-quedas-streaming-para-problema-pago-que-tendras-le-haces-caso,2023-05-19T11:37:17Z,"Hace unos meses, a finales de 2022 los clientes de Netflix empezaron a sufrir una campaña de SMS fraudulentos que les indicaban que su pago ""no había sido confirmado"". Ya en febrero de este año, sufr… [+2979 chars]"
Lenta,Варвара Кошечкина,В реалити по «Игре в кальмара» разыграют самый крупный денежный приз в истории,"Американская кино-платформа Netflix пообещала показать новое реалити-шоу по мотивам южнокорейского сериала «Игра в кальмара» этой осенью. Премьера Squid Game: The Challenge состоится в ноябре. В реалити-шоу примут участие 456 игроков, которые будут соревноват…",https://lenta.ru/news/2023/05/19/kalmar/,2023-05-19T14:33:07Z,"- Netflix - « » . Deadline.
 Squid Game: The Challenge . - 456 , 4,56 .
- . , , .
 Netflix. , , « » .
 2021 « » Netflix. 25 111 ."
Presse-citron,Jean-Yves Alric,Les 10 meilleures séries basées sur des faits réels,Découvrez les 10 meilleures séries basées sur des faits réels sélectionnées par nos soins.,https://www.presse-citron.net/?p=554377,2023-05-19T17:30:42Z,"Des histoires spectaculaires, hors du commun, ou catastrophiques donnent souvent des idées dadaptations aux cinéastes et aux créateurs de séries. Justice, polar, guerre, thriller… Voici notre sélecti… [+4051 chars]"
Vida Extra,Iván González,"A pesar de la salida de Henry Cavill, Netflix sigue confiando en The Witcher y confirma su quinta temporada","The Witcher es una de esas adaptaciones que ha dividido bastante a la comunidad debido a lo poco que se fija en sus libros. Además, tras la salida repentina de Henry Cavill, el público se echó encima de la productora debido a que era un actor bastante querido…",https://www.vidaextra.com/series/a-pesar-salida-henry-cavill-netflix-sigue-confiando-the-witcher-confirma-su-quinta-temporada,2023-05-28T18:00:46Z,"The Witcher es una de esas adaptaciones que ha dividido bastante a la comunidad debido a lo poco que se fija en sus libros. Además, tras la salida repentina de Henry Cavill, el público se echó encima… [+1595 chars]"
The A.V. Club,Saloni Gajjar,6 things you have to watch on TV this weekend,"Welcome to the weekend edition of What’s On. Here are the big things happening on TV from Friday, June 2, to Sunday, June 4. All times are Eastern. [Note: The weekly What’s On will publish on Sundays.]Read more...",https://www.avclub.com/whats-on-tv-june-2-to-4-the-idol-premiere-manifest-1850487375,2023-06-02T11:00:00Z,"Welcome to the weekend edition of Whats On. Here are the big things happening on TV from Friday, June 2, to Sunday, June 4. All times are Eastern. [Note: The weekly Whats On will publish on Sundays.]… [+2643 chars]"
GameSpot,Phil Owen,Get The New Paramount+ With Showtime Subscription For 50% Off For A Limited Time,"Paramount+ and Showtime are coming together, and the new combined streaming service is celebrating its big launch with a great deal for new subscribers: $6 a month for the first three months. That's half off the normal price of $12. Sign up for Paramount+ wit…",https://www.gamespot.com/articles/get-the-new-paramount-with-showtime-subscription-for-50-off-for-a-limited-time/1100-6514516/,2023-05-25T14:26:00Z,"Paramount+ and Showtime are coming together, and the new combined streaming service is celebrating its big launch with a great deal for new subscribers: $6 a month for the first three months. That's … [+1204 chars]"
HYPEBEAST,info@hypebeast.com (Hypebeast),Netflix's 'The Witcher' Renewed for Season 5,"Netflix has officially renewed The Witcher for a fifth season.The news was confirmed by casting director Sophie Holland, who is also working on the likes of The Continental, Heads Of State and the Beetlejuice sequel. She revealed to Variety, ""We’re just about…",https://hypebeast.com/2023/5/netflix-liam-hemsworth-the-witcher-season-5-confirmed,2023-05-29T10:01:30Z,"Netflix has officially renewed The Witcher for a fifth season.
The news was confirmed by casting director Sophie Holland, who is also working on the likes of The Continental, Heads Of State and the … [+1570 chars]"
Frandroid,Nathan Le Gohlisse,Netflix : la fin du partage de compte très sévère avec les abonnés via Free ou Canal,La fin du partage de compte mise en place par Netflix impacte encore plus sévèrement les personnes abonnées ayant accès à la plateforme au travers d'un bouquet proposé par Free ou Canal+. Ces derniers sont en effet privés d'une fonctionnalité pourtant central…,https://www.frandroid.com/services/svod/1704007_netflix-la-fin-du-partage-de-compte-tres-severe-avec-les-abonnes-via-free-ou-canal,2023-05-30T14:08:27Z,La fin du partage de compte mise en place par Netflix impacte encore plus sévèrement les personnes abonnées ayant accès à la plateforme au travers d'un bouquet proposé par Free ou Canal+. Ces dernier… [+2608 chars]
Time,Laura Zornosa,"Why K-Drama Fans Will Love XO, Kitty",The romantic dramedy fuses the soapiness of Korean dramas with the beats of American teen shows to become a truly international story.,https://time.com/6281226/xo-kitty-k-dramas/,2023-05-19T18:40:52Z,"In an episode of XO, Kitty—titled “KISS” after the Korean Independent School of Seoul, which the titular Kitty (Anna Cathcart) attends for her junior year of high school—Kitty speculates on the natur… [+6605 chars]"
Al Jazeera English,Al Jazeera,"Netflix, Disney, Amazon to challenge India tobacco rules: Report",Streaming firms are exploring ways to stall new tobacco warning rules that will need them to edit millions of hours.,https://www.aljazeera.com/economy/2023/6/2/netflix-disney-amazon-to-challenge-india-tobacco-rules-report,2023-06-02T17:52:12Z,"Streaming giants Netflix, Amazon and Disney on Friday privately discussed a possible legal challenge and other ways to stall Indias new tobacco warning rules, amid fears they will need to edit millio… [+3656 chars]"
Xatakamovil.com,Eva Rodriguez,Netflix está consiguiendo lo que deseaba cuando prohibió compartir cuentas. La pregunta es qué hará la competencia,"Ya hace unos meses que Netflix prohibió compartir cuentas en España, algo que le pasó factura y de qué manera: con un millón de bajas solo en el estado, según Kantar. Sin embargo, Netflix no solo siguió adelante haciendo la medida efectiva, sino que semanas d…",https://www.xatakamovil.com/streaming/netflix-esta-consiguiendo-que-deseaba-cuando-prohibio-compartir-cuentas-pregunta-que-hara-competencia,2023-06-10T12:01:27Z,"Ya hace unos meses que Netflix prohibió compartir cuentas en España, algo que le pasó factura y de qué manera: con un millón de bajas solo en el estado, según Kantar. Sin embargo, Netflix no solo sig… [+4070 chars]"
9to5Mac,Zac Hall,Setting up your next Apple TV should be easier,"Apple continues to add more ways to personalize your Apple TV experience in ways that best suit your needs. tvOS 17 goes further with a new photo memories screensaver and more, all without a way to backup and restore Apple TV.
 more…
The post Setting up your …",https://9to5mac.com/2023/06/12/apple-tv-setup/,2023-06-12T19:11:23Z,"Apple continues to add more ways to personalize your Apple TV experience in ways that best suit your needs. tvOS 17 goes further with a new photo memories screensaver and more, all without a way to b… [+2670 chars]"
Les Numériques,Thibaud Gomès-Léal,"Actualité : The Idol, Rick et Morty, Danse avec les loups… Les films et séries à voir en streaming cette semaine","Voici notre sélection des meilleurs films et séries à regarder sur les plateformes de streaming Netflix, Disney+, Canal+ et Amazon Prime Video dans la semaine du 5 juin 2023.",https://www.lesnumeriques.com/cine-svod/the-idol-rick-et-morty-danse-avec-les-loups-les-films-et-series-a-voir-en-streaming-cette-semaine-n210284.html,2023-06-05T16:00:00Z,"Danse avec les loups / Rick et Morty / The Idol / Flamin' Hot
© Tig Productions / Adult Swim / HBO / Searchlight Pictures
Histoire de bien lancer le mois de juin, Les Numériques reprend ses bonnes … [+5378 chars]"
Les Numériques,Romain Challand,Actualité : Netflix : le député Louis Boyard veut une loi pour empêcher la fin du partage de comptes,La limitation du partage des comptes Netflix fait jaser jusque dans les travées de l'Assemblée Nationale. Un député La France Insoumise compte déposer un projet de loi pour contrer la décision de la firme américaine.,https://www.lesnumeriques.com/cine-svod/netflix-le-depute-louis-boyard-veut-une-loi-pour-empecher-la-fin-du-partage-de-comptes-n210224.html,2023-06-02T08:48:00Z,"Netflix : le député Louis Boyard veut une loi pour empêcher la fin du partage de comptes
© Netflix
Les députés ne sont jamais à court d'idées quand il s'agit de rebondir sur l'actualité. Et Louis B… [+1395 chars]"
/FILM,Anthony Crislip,The Devil Inside Was A Critical And Commercial Disaster – And It Deserves Further Study On Netflix,"Movies about possession and exorcism must scratch a very particular itch for American viewers. Going back to the mother of that horror subgenre, ""The Exorcist,"" you can see one of the biggest box office hits of 1973, and in the fifty years since, many movies …",https://www.slashfilm.com/1297469/controversial-exorcism-flop-found-new-life-on-netflix/,2023-05-26T14:00:02Z,"As ""Devil Inside"" co-writer Matthew Peterman told Bloody Disgusting after the movie's release, ""Life doesn't always follow a perfect three-act structure like film does."" And ""The Devil Inside"" was co… [+1592 chars]"
/FILM,Lee Adams,A New British Horror Movie On Netflix Has Viewers 'Unable To Sleep',"There is a great story of directorial ingenuity related to Willem Dafoe's performance in ""American Psycho."" Mary Haddon asked him to play his scenes as a private eye investigating the disappearance of Patrick Bateman's colleague in three different ways. First…",https://www.slashfilm.com/1299693/british-horror-movie-scarred-netflix-viewers-for-life/,2023-05-31T07:00:36Z,"""The Strays"" opens in a dreary housing estate in London where Cheryl (Ashley Madekwe) is having a low day. She's up to her eyeballs in debt, struggling to pay the bills, and, as a light-skinned Black… [+1502 chars]"
/FILM,staff@slashfilm.com (Witney Seibold),"Mark Wahlberg's Shooter Is Making Waves On Netflix Across The Globe, But Is It Worth Revisting?",People can&amp;#39;t get enough of that Bob Lee Swagger!,https://www.slashfilm.com/1308803/mark-wahlbergs-2007-action-thriller-made-waves-on-netflix/,2023-06-08T23:00:42Z,"Author Stephen Hunter's first Bob Lee Swagger novel, ""Point of Impact,"" was published in 1993 and spawned a novel series that lasted seven volumes. The most recent Swagger novel, ""Dead Zero,"" was pub… [+1587 chars]"
/FILM,staff@slashfilm.com (Devin Meenan),The Call Is The Latest Nightmarish Korean Thriller Exploding On Netflix,"Watch at your own risk, some fans have been having nightmares after viewing.",https://www.slashfilm.com/1307016/korean-thriller-on-netflix-viewers-complaining-about-nightmares/,2023-06-07T18:00:00Z,"Have you ever met someone, struck up a seeming friendship, and then discovered this person was not who you believed they were? It's a terrifying situation and one that the South-Korean thriller ""The … [+1645 chars]"
Xatakamovil.com,Álvaro García M.,"Mis nueve trucos de Netflix para móvil: códigos secretos, funciones ocultas y más","Pensar que conocemos todo de Netflix es un error. Y no nos referimos sólo al catálogo, que también, dado que está en constante renovación. Nos referimos al manejo en sí de Netflix en plataformas móviles. Existen trucos sumamente interesantes para la app y que…",https://www.xatakamovil.com/listas/mis-nueve-trucos-netflix-para-movil-codigos-secretos-funciones-ocultas,2023-05-21T16:00:05Z,"Pensar que conocemos todo de Netflix es un error. Y no nos referimos sólo al catálogo, que también, dado que está en constante renovación. Nos referimos al manejo en sí de Netflix en plataformas móvi… [+9114 chars]"
Genbeta.com,José Alberto Lizana,HBO Max aumenta el precio de su suscripción: esto es lo que costará y esto es lo que pasa con la promoción del 50% para siempre,"En los últimos meses, hemos visto muchos movimientos en las principales plataformas de streaming, con cambios en sus condiciones de uso y también en los precios como ya ocurrió con Netflix o Disney+. Ahora, a este carro se suma también HBO Max que ha anunciad…",https://www.genbeta.com/actualidad/hbo-max-aumenta-precio-su-suscripcion-esto-que-costara-esto-que-pasa-promocion-50-para-siempre,2023-06-13T15:52:05Z,"En los últimos meses, hemos visto muchos movimientos en las principales plataformas de streaming, con cambios en sus condiciones de uso y también en los precios como ya ocurrió con Netflix o Disney+.… [+2520 chars]"
/FILM,Sandy Schaefer,Nimona Trailer: Netflix Is Bringing The Queer Sci-Fi Fantasy Adventure Comic To The Screen,"Not even the House of Mouse is powerful enough to prevent ND Stevenson's spirited shape-shifting hero Nimona from making her way to the screen. 
For those not in the know, ""Nimona"" is an animated sci-fi fantasy adventure feature based on Stevenson's award-win…",https://www.slashfilm.com/1288768/nimona-trailer-netflix/,2023-05-18T13:03:49Z,"As if a genre-blending storyline and inventive animation weren't enough, ""Nimona"" is a work that's queer to its core, coming from queer creators and dealing with themes of identity in addition to exp… [+1621 chars]"
