Date,Headline,Headline_preprocessed,Sentiment
2023-05-23T18:51:33Z,Netflix starts charging for account sharing in the US,netflix start charg account share u,Neutral
2023-05-23T10:45:54Z,Netflix makes it easier to find titles you've added to your list but haven't watched yet,netflix make easier find titl 've ad list n't watch yet,Neutral
2023-05-22T18:16:14Z,Netflix is making it easier to find saved shows and movies you still haven’t watched,netflix make easier find save show movi still ’ watch,Neutral
2023-05-06T13:30:27Z,Netflix is launching a remastered 'World of Goo' on May 23rd,netflix launch remast 'world goo ' may 23rd,Neutral
2023-05-11T15:56:41Z,"Netflix canceled its in-person upfront, probably to avoid the WGA’s picket lines","netflix cancel in-person upfront , probabl avoid wga ’ picket line",Neutral
2023-05-09T15:45:37Z,Quick fixes: take a screenshot on your streaming video service,quick fix : take screenshot stream video servic,Positive
2023-05-04T17:20:00Z,Netflix's One Piece Series Gets an Update From Eiichiro Oda,netflix 's one piec seri get updat eiichiro oda,Neutral
2023-06-01T15:35:19Z,"One Piece, 3 Body Problem, and The Last Airbender are all coming to Netflix’s Tudum","one piec , 3 bodi problem , last airbend come netflix ’ tudum",Neutral
2023-05-10T14:20:00Z,"Updates From TMNT: Mutant Mayhem, and More","updat tmnt : mutant mayhem ,",Neutral
2023-05-04T18:52:44Z,Netflix’s One Piece adaptation sounds like it might have hit some choppy waters,netflix ’ one piec adapt sound like might hit choppi water,Positive
2023-05-25T20:00:00Z,"From Disney+ to Max, Here Are the Best Streaming Services","disney+ max , best stream servic",Positive
2023-05-02T14:15:04Z,Tinder's parent company is leaving Russia over a year after the Ukraine invasion,tinder 's parent compani leav russia year ukrain invas,Neutral
2023-05-19T20:46:58Z,Disney+ and Hulu will remove a slew of titles on May 26th,disney+ hulu remov slew titl may 26th,Neutral
2023-05-23T18:29:00Z,Netflix updates policy on user account sharing - Reuters,netflix updat polici user account share - reuter,Neutral
2023-06-02T02:00:32Z,Netflix shareholders withhold support for executive pay package - Reuters,netflix sharehold withhold support execut pay packag - reuter,Neutral
2023-05-07T14:30:00Z,Stranger Things 5 Production Halted as Duffer Bros. Stand with WGA,stranger thing 5 product halt duffer bros. stand wga,Neutral
2023-05-27T13:00:00Z,Netflix’s Password-Sharing Crackdown Has Hit the US,netflix ’ password-shar crackdown hit u,Neutral
2023-05-17T21:44:00Z,Netflix says ad tier now has nearly 5 million monthly active users - Reuters,netflix say ad tier nearli 5 million monthli activ user - reuter,Neutral
2023-05-26T19:07:00Z,"Obama Crossed the Picket Line, Striking Writers Say","obama cross picket line , strike writer say",Neutral
2023-05-05T17:00:00Z,The Out-of-Touch Adults’ Guide to Kid Culture: Is Tubi Secretly the Best Streaming Service?,out-of-touch adult ’ guid kid cultur : tubi secretli best stream servic ?,Positive
2023-05-26T18:13:50Z,Amazon Prime Video throws shade at Netflix for new password-sharing guidelines,amazon prime video throw shade netflix new password-shar guidelin,Positive
2023-05-16T14:18:48Z,Netflix warns UK broadband firms of crackdown on password sharing,netflix warn uk broadband firm crackdown password share,Negative
2023-05-23T19:11:45Z,Netflix crackdown on password sharing reaches the UK,netflix crackdown password share reach uk,Neutral
2023-05-22T21:03:43Z,Netflix update makes it easier to find the content you haven't watched yet (but want to),netflix updat make easier find content n't watch yet ( want ),Neutral
2023-05-04T13:15:02Z,"Streaming TV in May Brings Drama and Adventure, So Keep These Services - CNET","stream tv may bring drama adventur , keep servic - cnet",Neutral
2023-05-17T20:01:00Z,Netflix Alerts Telecoms Groups Over Looming Account-Sharing Crackdown,netflix alert telecom group loom account-shar crackdown,Neutral
2023-05-23T22:37:13Z,Netflix's controversial password-sharing crackdown hits the US,netflix 's controversi password-shar crackdown hit u,Neutral
2023-05-12T14:42:00Z,Netflix Plans To Cut Spending by $300 Million in 2023,netflix plan cut spend $ 300 million 2023,Neutral
2023-05-23T16:00:00Z,Former Netflix exec starts Midwest game publisher,former netflix exec start midwest game publish,Negative
2023-06-01T11:15:03Z,June Is Busy for Streaming Services. Let's Help You Decide Which Ones to Keep - CNET,june busi stream servic . let 's help decid one keep - cnet,Neutral
2023-05-23T08:27:56Z,"Arnold Schwarzenegger got a buzzy new job with no real function at Netflix, and he bulldozed a Mercedes Benz with his own tank to announce it","arnold schwarzenegg got buzzi new job real function netflix , bulldoz merced benz tank announc",Positive
2023-05-31T19:39:34Z,Drive to Survive commentator sacked from Formula E over ‘inappropriate behaviour’,drive surviv comment sack formula e ‘ inappropri behaviour ’,Neutral
2023-05-23T19:09:00Z,Netflix's Password Sharing Crackdown Officially Hits US Customers,netflix 's password share crackdown offici hit u custom,Neutral
2023-05-27T15:32:58Z,Netflix users slam streamer for password-sharing ban: 'I've literally never cancelled a membership so fast',netflix user slam streamer password-shar ban : ' 've liter never cancel membership fast ',Positive
2023-05-23T19:01:26Z,Netflix is going to charge $8 to add someone to your account,netflix go charg $ 8 add someon account,Neutral
2023-05-06T11:56:07Z,Ex-Yahoo CEO Marissa Mayer admits the company should have bought Netflix instead of Tumblr as it 'would have been a better acquisition',ex-yahoo ceo marissa mayer admit compani bought netflix instead tumblr 'would better acquisit ',Positive
2023-05-04T00:00:32Z,"'Hey Netflix! You broke it — now fix it': On the picket lines with Hollywood writers as they bring signs, slogans, and sunscreen to their fight against the studios for 'as long as it takes'","'hey netflix ! broke — fix ' : picket line hollywood writer bring sign , slogan , sunscreen fight studio 'a long take '",Negative
2023-05-18T16:25:18Z,Almost 5 Million People Are Using Netflix's New Plan With Ads - CNET,almost 5 million peopl use netflix 's new plan ad - cnet,Positive
2023-05-30T17:40:47Z,AC Podcast 605: Netflix's Password-Sharing Crackdown Hits The US,ac podcast 605 : netflix 's password-shar crackdown hit u,Neutral
2023-05-24T14:33:24Z,Netflix Password-Sharing Is No Longer Free in the US - CNET,netflix password-shar longer free u - cnet,Positive
2023-05-04T15:51:46Z,Amazon plans to rework Alexa in the age of ChatGPT,amazon plan rework alexa age chatgpt,Neutral
2023-05-29T18:57:19Z,The Witcher is officially one of the most successful game series of all time,witcher offici one success game seri time,Negative
2023-05-14T16:37:20Z,Bafta TV awards 2023: the full list of winners,bafta tv award 2023 : full list winner,Positive
2023-05-24T16:15:48Z,Netflix drops the first trailer for Skull Island,netflix drop first trailer skull island,Positive
2023-05-26T10:15:14Z,Digested week: Netflix bans password-sharing – but I’m close to bailing anyway | Emma Brockes,digest week : netflix ban password-shar – ’ close bail anyway | emma brock,Neutral
2023-05-06T14:00:10Z,‘I don’t recall so many attractive people’: experts reveal what The Diplomat gets right – and wrong,‘ ’ recal mani attract peopl ’ : expert reveal diplomat get right – wrong,Negative
2023-05-09T14:30:27Z,"Netflix’s next Bird Box movie has more Barcelona, less Bullock","netflix ’ next bird box movi barcelona , le bullock",Neutral
2023-05-05T09:00:00Z,The best movies on Netflix UK,best movi netflix uk,Positive
2023-05-12T12:15:02Z,The 12 Best K-Dramas to Stream on Netflix Right Now - CNET,12 best k-drama stream netflix right - cnet,Positive
2023-05-26T21:59:00Z,‘The Witcher’ confirma su quinta temporada en Netflix,‘ witcher ’ confirma su quinta temporada en netflix,Neutral
2023-05-23T19:24:48Z,Netflix pone fin a las cuentas compartidas en México,netflix pone fin la cuenta compartida en méxico,Neutral
2023-06-01T18:01:00Z,"Netflix confirmó la fecha, hora y lugar del Tudum 2023","netflix confirmó la fecha , hora lugar del tudum 2023",Neutral
2023-05-24T17:28:58Z,Chef Lidia Bastianich looks back on her family's chaotic life in Europe after WWII,chef lidia bastianich look back famili 's chaotic life europ wwii,Neutral
2023-05-06T12:00:00Z,"The best movies new to streaming on Netflix, HBO Max, Prime Video, and Hulu (May 2023)","best movi new stream netflix , hbo max , prime video , hulu ( may 2023 )",Positive
2023-05-18T16:57:08Z,Netflix stock jumps 10% on signs that its new ad-based subscription plan is booming,netflix stock jump 10 % sign new ad-bas subscript plan boom,Positive
2023-05-05T13:00:00Z,"AI, the WGA Strike, and What Luddites Got Right","ai , wga strike , luddit got right",Positive
2023-05-24T12:00:00Z,"BMW i5 Electric: Price, Range, Release Date","bmw i5 electr : price , rang , releas date",Neutral
2023-05-02T15:38:30Z,Here’s Everything New on Netflix in May 2023,’ everyth new netflix may 2023,Positive
2023-05-09T14:45:00Z,Blue Beetle Teases Harvey Guillén's Mystery New Character,blue beetl tea harvey guillén 's mysteri new charact,Positive
2023-05-03T18:30:20Z,‘La diplomática’ tendrá segunda temporada,‘ la diplomática ’ tendrá segunda temporada,Neutral
2023-05-24T17:20:47Z,"Netflix rolls out its ""crackdown"" on global password sharing",netflix roll `` crackdown '' global password share,Neutral
2023-05-17T19:03:25Z,How Netflix’s Unsolved Mysteries Led to the Rescue of a Girl Missing for 5 Years,netflix ’ unsolv mysteri led rescu girl miss 5 year,Neutral
2023-05-17T12:01:33Z,Barack Obama’s Working Is a Timely Reality Check on the American Dream—Until It Gets to the Bosses,barack obama ’ work time realiti check american dream—until get bos,Neutral
2023-05-03T13:49:32Z,"Here's how much money I made at every point in my career at Netflix, IBM, and Grubhub","'s much money made everi point career netflix , ibm , grubhub",Positive
2023-05-05T21:31:00Z,Por qué ‘Miércoles’ estuvo a punto de no ver la luz en Netflix,por qué ‘ miércol ’ estuvo punto de ver la luz en netflix,Neutral
2023-05-25T20:06:19Z,Netflix Is Cracking Down on Password Sharing in the U.S. Here’s What to Know,netflix crack password share u.s. ’ know,Neutral
2023-05-29T11:11:11Z,Una de las estrellas de ‘Daredevil’ en Netflix asegura que no hay planes para su regreso en ‘Born Again’,una de la estrella de ‘ daredevil ’ en netflix asegura que hay plane para su regreso en ‘ born ’,Neutral
2023-05-23T22:56:52Z,Netflix announces password sharing crackdown rollout in US,netflix announc password share crackdown rollout u,Neutral
2023-05-26T06:00:26Z,Changing Ends to Deadloch: the seven best shows to stream this week,chang end deadloch : seven best show stream week,Positive
2023-05-23T19:22:55Z,Netflix password sharing crackdown has finally reached the US,netflix password share crackdown final reach u,Neutral
2023-05-23T19:22:00Z,Netflix reactiva su cruzada contra las cuentas compartidas en estos países de Latinoamérica: ahora sí toca pagar,netflix reactiva su cruzada contra la cuenta compartida en esto país de latinoamérica : ahora sí toca pagar,Neutral
2023-06-01T11:15:35Z,The Morning After: What to expect from Apple’s WWDC 2023,morn : expect appl ’ wwdc 2023,Neutral
2023-05-23T23:24:19Z,Paramount Plus will be raising its prices on June 27th,paramount plu rais price june 27th,Neutral
2023-05-22T20:03:37Z,This Buzzy Reality Show Is The Top Series On Netflix Right Now,buzzi realiti show top seri netflix right,Positive
2023-05-31T16:45:47Z,Here's the trailer for Black Mirror season 6,'s trailer black mirror season 6,Negative
2023-05-25T14:45:01Z,"‘FUBAR’, crítica: Schwarzenegger vuelve en plena forma","‘ fubar ’ , crítica : schwarzenegg vuelv en plenum forma",Neutral
2023-05-15T14:09:43Z,Jennifer Lopez’s New Movie Is The Top Film On Netflix Right Now,jennif lopez ’ new movi top film netflix right,Positive
2023-05-19T09:01:14Z,Netflix lleva años estrenando muchas más series de las que podemos consumir. Ahora al fin sabemos por qué,netflix lleva año estrenando mucha má seri de la que podemo consumir . ahora al fin sabemo por qué,Neutral
2023-05-02T10:13:00Z,Netflix und Disney betroffen: Drehbuchautoren bestreiken Streamingplattformen,netflix und disney betroffen : drehbuchautoren bestreiken streamingplattformen,Neutral
2023-05-25T20:00:00Z,The 5 best horror movies to watch on Netflix and other streamers this May,5 best horror movi watch netflix streamer may,Positive
2023-05-11T14:45:00Z,"Updates From Star Wars: Skeleton Crew, and More","updat star war : skeleton crew ,",Neutral
2023-05-26T20:21:00Z,: Barack Obama says being president was a ‘hoot’ 70% of the time — but here’s what he didn’t like,: barack obama say presid ‘ hoot ’ 70 % time — ’ ’ like,Neutral
2023-05-09T17:12:30Z,"Mira el primer tráiler de ‘Bird Box Barcelona’, el spin-off de ‘A ciegas’ con Mario Casas","mira el primer tráiler de ‘ bird box barcelona ’ , el spin-off de ‘ ciega ’ con mario casa",Neutral
2023-05-12T10:03:28Z,"‘La madre’, crítica: esta vez Jennifer Lopez no logra convencernos","‘ la madr ’ , crítica : esta vez jennif lopez logra convencerno",Neutral
2023-05-31T14:58:39Z,‘Black Mirror’: mira el nuevo tráiler de la sexta temporada y conoce la fecha de estreno,‘ black mirror ’ : mira el nuevo tráiler de la sexta temporada conoc la fecha de estreno,Negative
2023-06-01T11:15:42Z,"Danny Masterson, de ‘That 70s Show’, declarado culpable de violar a dos mujeres. Enfrenta 30 años de cárcel","danni masterson , de ‘ 70 show ’ , declarado culpabl de violar do mujer . enfrenta 30 año de cárcel",Neutral
2023-05-23T19:39:05Z,Netflix password sharing is now officially dead,netflix password share offici dead,Negative
2023-05-03T11:27:56Z,"El final de temporada de ‘La diplomática’, explicado","el final de temporada de ‘ la diplomática ’ , explicado",Neutral
2023-05-15T23:49:50Z,‘Misión de rescate 2’: así se grabó la violenta secuencia con Chris Hemsworth,‘ misión de rescat 2 ’ : así se grabó la violenta secuencia con chri hemsworth,Neutral
2023-05-09T11:30:00Z,La historia real de ‘La Reina Carlota’: ¿cuál era la enfermedad de Jorge III?,la historia real de ‘ la reina carlota ’ : ¿cuál era la enfermedad de jorg iii ?,Positive
2023-05-10T20:51:00Z,"Netflix gets closer to Ash’s finale, with part 3 of Pokémon Ultimate Journeys hitting in June","netflix get closer ash ’ final , part 3 pokémon ultim journey hit june",Neutral
2023-05-17T16:57:45Z,Netflix plans to kill password sharing in the US have been delayed,netflix plan kill password share u delay,Neutral
2023-05-09T16:45:30Z,"El plan de Netflix para cortar su sangría de suscriptores es un nuevo tipo de series: las ""gourmet cheeseburgers""",el plan de netflix para cortar su sangría de suscriptor e un nuevo tipo de seri : la `` gourmet cheeseburg '',Neutral
2023-05-15T10:00:00Z,“Queen Charlotte” Has Shonda Rhimes All Over It,“ queen charlott ” shonda rhime,Neutral
2023-05-30T19:58:13Z,A 2017 Animated Hit Is A Top Movie On Netflix Right Now,2017 anim hit top movi netflix right,Positive
2023-05-15T14:43:58Z,This New True-Crime Docuseries Is A Top Show On Netflix Right Now,new true-crim docuseri top show netflix right,Positive
2023-06-01T09:26:48Z,'Black Mirror' desvela en su tráiler el inesperado objetivo de sus nuevos episodios: la propia Netflix,'black mirror ' desvela en su tráiler el inesperado objetivo de su nuevo episodio : la propia netflix,Negative
2023-05-28T12:00:08Z,I'm a VP at the company behind Advil and Tums. My day starts with double-screening YouTube and Netflix and ends with surfing Amazon ratings.,'m vp compani behind advil tum . day start double-screen youtub netflix end surf amazon rate .,Negative
2023-05-14T08:30:49Z,The week in TV: City on Fire; Turkey: Empire of Erdogan; Kids; Mulligan – review,week tv : citi fire ; turkey : empir erdogan ; kid ; mulligan – review,Neutral
2023-05-02T11:30:14Z,Hollywood writers are striking over low wages caused by streaming boom,hollywood writer strike low wage caus stream boom,Neutral
2023-05-30T16:07:33Z,Here's Absolutely Everything Coming To Netflix In June 2023,'s absolut everyth come netflix june 2023,Neutral
2023-05-27T19:01:21Z,Netflix is now streaming one of 2023’s best thrillers. Here’s why you should watch it,netflix stream one 2023 ’ best thriller . ’ watch,Positive
2023-05-24T13:47:48Z,We Still Don’t Know Anna Nicole Smith,still ’ know anna nicol smith,Neutral
2023-05-08T09:03:58Z,MTV awards: Hollywood stars stand with striking writers at pre-recorded ceremony,mtv award : hollywood star stand strike writer pre-record ceremoni,Neutral
2023-05-05T06:00:15Z,City on Fire to Queer Eye: the seven best shows to stream this week,citi fire queer eye : seven best show stream week,Positive
2023-05-12T06:00:47Z,High Desert to The Family Stallone: the seven best shows to stream this week,high desert famili stallon : seven best show stream week,Positive
2023-05-09T00:05:27Z,Game of Thrones prequel paused as Hollywood writers’ strike continues,game throne prequel paus hollywood writer ’ strike continu,Negative
2023-05-17T12:11:34Z,The trailer for Extraction 2 looks pulse-pounding,trailer extract 2 look pulse-pound,Neutral
2023-05-05T12:15:02Z,The Absolute Best Anime You Should Stream in May 2023 - CNET,absolut best anim stream may 2023 - cnet,Positive
2023-06-01T04:10:00Z,"#heiseshow: Netflix-Accountsharing, 40 Jahre Electronic Arts, Tesla-Autopilot","# heiseshow : netflix-accountshar , 40 jahr electron art , tesla-autopilot",Neutral
2023-05-24T04:30:00Z,"Mittwoch: Netflix auch hierzulande strenger, Amazon mit größerem Fire-Tablet","mittwoch : netflix auch hierzuland strenger , amazon mit größerem fire-tablet",Neutral
2023-05-25T14:19:00Z,Account-Sharing bei Netflix: Ein Mittelfinger an alle Singles,account-shar bei netflix : ein mittelfing all singl,Neutral
2023-05-16T04:30:00Z,"Dienstag: EU genehmigt Activision Blizzard-Übernahme, Sono beantragt Insolvenz","dienstag : eu genehmigt activis blizzard-übernahm , sono beantragt insolvenz",Neutral
2023-05-23T18:30:00Z,Netflix : Comment se désabonner ? (Tuto),netflix : comment se désabonn ? ( tuto ),Neutral
2023-05-28T11:16:15Z,Heat is one of the best movies ever. Here’s why you should watch it on Netflix right now,heat one best movi ever . ’ watch netflix right,Positive
2023-05-17T14:16:26Z,Missing Illinois girl featured in Netflix series Unsolved Mysteries found,miss illinoi girl featur netflix seri unsolv mysteri found,Neutral
2023-05-23T22:02:00Z,Netflix geht jetzt in Deutschland und Österreich gegen Account-Sharing vor,netflix geht jetzt deutschland und österreich gegen account-shar vor,Neutral
2023-05-30T01:46:32Z,Vox explains how A24 became one of the most consistent studios in Hollywood,vox explain a24 becam one consist studio hollywood,Neutral
2023-05-30T09:41:00Z,A 'Matilda' musical number set to Rob Zombie,'matilda ' music number set rob zombi,Neutral
2023-05-04T07:00:00Z,Starlink Nixes Plan To Impose 1TB Data Cap and Per-Gigabyte Overage Fees,starlink nix plan impos 1tb data cap per-gigabyt overag fee,Neutral
2023-05-02T14:00:00Z,"Hollywood Writers Strike Over Pay Disputes with Streaming Giants, AI Concerns","hollywood writer strike pay disput stream giant , ai concern",Neutral
2023-05-26T07:16:00Z,Prime Video spricht sich für Account-Sharing aus,prime video spricht sich für account-shar au,Neutral
2023-05-17T10:30:08Z,"10 Things in Tech: Say goodbye to the US car market as we know it, TikTok will pay for AR filters, and YouTubers share how they make money","10 thing tech : say goodby u car market know , tiktok pay ar filter , youtub share make money",Neutral
2023-05-29T13:46:29Z,"Denis Shapovalov advances, Felix Auger-Aliassime ousted at French Open - TSN","deni shapovalov advanc , felix auger-aliassim oust french open - tsn",Neutral
2023-05-05T07:30:35Z,Netflix : Zack Snyder va collaborer avec les studios d’Oggy et les Cafards,netflix : zack snyder va collabor avec le studio ’ oggi et le cafard,Neutral
2023-05-23T15:45:43Z,Netflix : le partage de compte en France terminé dès cet été ?,netflix : le partag de compt en franc terminé dè cet été ?,Neutral
2023-05-23T18:00:43Z,Netflix : le partage de compte en France c’est terminé !,netflix : le partag de compt en franc c ’ est terminé !,Neutral
2023-05-16T14:00:47Z,"C’est la crise, Netflix prend la pire décision pour faire des économies","c ’ est la crise , netflix prend la pire décision pour fair de économi",Positive
2023-05-09T18:30:26Z,Surprise ! Birdbox s’offre un spin-off sur Netflix,surpris ! birdbox ’ offr un spin-off sur netflix,Neutral
2023-05-15T20:22:00Z,Netflix will Ausgaben in diesem Jahr um 300 Millionen US-Dollar kürzen,netflix ausgaben diesem jahr um 300 millionen us-dollar kürzen,Neutral
2023-05-22T20:30:00Z,Recommended: ‘Chimp Empire’,recommend : ‘ chimp empir ’,Neutral
2023-06-01T04:30:00Z,"Donnerstag: Kfz-Schilder mit unfreiwilliger Werbung, Ende für ersten Chromecast","donnerstag : kfz-schilder mit unfreiwillig werbung , end für ersten chromecast",Neutral
2023-05-25T11:15:03Z,Keep Up With What's Streaming on TV Using These 5 Free Apps - CNET,keep 's stream tv use 5 free app - cnet,Positive
2023-05-22T23:12:00Z,Netflix makes it easier for users to navigate through ‘My List’ on its mobile app,netflix make easier user navig ‘ list ’ mobil app,Neutral
2023-05-18T09:16:03Z,Streaming: Netflix nennt erstmals Zahlen zu Werbeabo,stream : netflix nennt erstmal zahlen zu werbeabo,Neutral
2023-05-24T09:30:01Z,Comment se désabonner de Netflix ?,comment se désabonn de netflix ?,Neutral
2023-06-02T06:00:07Z,The Crowded Room to Significant Other: the seven best shows to stream this week,crowd room signific : seven best show stream week,Positive
2023-05-07T04:00:44Z,"Grand Prix de Miami : de Netflix à Las Vegas, comment la formule 1 a reconquis l’Amérique","grand prix de miami : de netflix à la vega , comment la formul 1 reconqui l ’ amériqu",Positive
2023-05-31T16:00:29Z,Netflix face une vague de désabonnements ?,netflix face une vagu de désabonn ?,Neutral
2023-05-10T12:31:37Z,La lógica indescifrable de Netflix para cancelar series ataca de nuevo: cae otra pese a su buena audiencia,la lógica indescifr de netflix para cancelar seri ataca de nuevo : cae otra pese su buena audiencia,Neutral
2023-05-29T18:00:59Z,"Cinco años después de su estreno, esta serie sigue siendo el mejor thriller jamás visto en Netflix","cinco año despué de su estreno , esta seri sigu siendo el mejor thriller jamá visto en netflix",Neutral
2023-05-30T18:00:37Z,Esta película/esta serie fue una de las primeras superproducciones de Netflix. Aún hoy sigue siendo la mejor,esta película/esta seri fue una de la primera superproduccion de netflix . aún hoy sigu siendo la mejor,Neutral
2023-05-16T12:00:16Z,"Verizon Updates Its Unlimited Plans, Though Perks Will Cost Extra - CNET","verizon updat unlimit plan , though perk cost extra - cnet",Neutral
2023-06-01T10:30:32Z,"Apple TV+ gains UK subscribers as Netflix, Disney+ dip","appl tv+ gain uk subscrib netflix , disney+ dip",Neutral
2023-05-03T17:30:45Z,"13 películas y series de estreno para ver en mayo de 2023 en Netflix, Prime Video, HBO Max y streaming","13 película seri de estreno para ver en mayo de 2023 en netflix , prime video , hbo max stream",Neutral
2023-05-25T18:00:39Z,Este estreno de Netflix llevaba años desaparecido (y es una de las películas más terroríficas de este siglo),est estreno de netflix llevaba año desaparecido ( e una de la película má terrorífica de est siglo ),Neutral
2023-05-17T11:30:57Z,"Con sus dos nuevas series de Marvel, Disney+ ha hecho algo inédito hasta ahora: copiar a Netflix","con su do nueva seri de marvel , disney+ ha hecho algo inédito hasta ahora : copiar netflix",Neutral
2023-06-01T18:00:40Z,Esta rareza arrasa en Netflix: una inquietante película de terror que pasó desapercibida en cines hace solo unas semanas,esta rareza arrasa en netflix : una inquietant película de terror que pasó desapercibida en cine hace solo una semana,Neutral
2023-05-24T09:21:32Z,No teníamos claro si Netflix iba de farol en su plan contra las cuentas compartidas en España. Esta es la última prueba de que no,teníamo claro si netflix iba de farol en su plan contra la cuenta compartida en españa . esta e la última prueba de que,Neutral
2023-05-24T09:09:03Z,"Samsung Announces Updated iMac-Style 'Smart Monitor M8' With HD10+, Portrait Orientation, and New 27-Inch Model","samsung announc updat imac-styl 'smart monitor m8 ' hd10+ , portrait orient , new 27-inch model",Positive
2023-05-24T16:30:29Z,Rentabilité : 5 questions sur la fin du partage de compte Netflix en France,rentabilité : 5 question sur la fin du partag de compt netflix en franc,Neutral
2023-05-26T12:00:14Z,Il ne vous reste que quelques jours pour voir cet excellent film sur Netflix,il ne vou rest que quelqu jour pour voir cet excel film sur netflix,Neutral
2023-05-25T08:47:43Z,"Si Netflix te está friendo a correos para que vuelvas, hay solución: así puedes dejar de recibirlos","si netflix te está friendo correo para que vuelva , hay solución : así pued dejar de recibirlo",Neutral
2023-05-30T16:30:02Z,Skull Island : la série King-Kong arrive bientôt sur Netflix,skull island : la série king-kong arriv bientôt sur netflix,Neutral
2023-05-24T18:01:24Z,El streaming se ahoga: casi todas las plataformas han anunciado pérdidas en el arranque de 2023,el stream se ahoga : casi toda la plataforma han anunciado pérdida en el arranqu de 2023,Neutral
2023-05-05T15:30:08Z,Pas d’idée pour ce week-end ? La Reine Charlotte vous attend sur Netflix !,pa ’ idé pour ce week-end ? la rein charlott vou attend sur netflix !,Neutral
2023-05-23T08:30:17Z,Netflix signe la fin du chaos de votre liste de séries et de films,netflix sign la fin du chao de votr list de séri et de film,Neutral
2023-05-04T14:20:00Z,Could a New Cloverfield Movie Be On the Way?,could new cloverfield movi way ?,Positive
2023-05-25T22:01:30Z,FUBAR review: even Arnold Schwarzenegger can’t save this absurd Netflix original,fubar review : even arnold schwarzenegg ’ save absurd netflix origin,Negative
2023-05-15T09:54:57Z,Billionaire investor George Soros' fund dumped its entire Tesla stake in the first quarter - cashing out on the EV's maker's 2023 rebound,billionair investor georg soro ' fund dump entir tesla stake first quarter - cash ev 's maker 's 2023 rebound,Positive
2023-05-31T09:00:09Z,BMW's newest luxury sedan offers video games that use your phone as a controller,bmw 's newest luxuri sedan offer video game use phone control,Negative
2023-05-23T13:50:02Z,"MerPeople review – you will want only good things for these kind, gentle mermaids","merpeopl review – want good thing kind , gentl mermaid",Positive
2023-05-17T06:00:23Z,I left my party lifestyle behind for a week in a nunnery – and began to see the light | Elizabeth McCafferty,left parti lifestyl behind week nunneri – began see light | elizabeth mccafferti,Neutral
2023-05-23T11:46:52Z,Def Leppard & Mötley Crüe review – from the pathetic to the sublime,def leppard & mötley crüe review – pathet sublim,Neutral
2023-05-27T15:00:40Z,Prime Video es el 'viejo' Netflix: esto es lo que opina Amazon de compartir cuentas,prime video e el 'viejo ' netflix : esto e lo que opina amazon de compartir cuenta,Neutral
2023-06-01T05:30:03Z,Maßnahmen gegen Konten-Sharing: Netflix-Abonnenten droht keine Kündigung,maßnahmen gegen konten-shar : netflix-abonnenten droht kein kündigung,Neutral
2023-05-23T07:51:02Z,Streaming: Netflix macht Merkliste viel komfortabler,stream : netflix macht merklist viel komfortabl,Neutral
2023-05-24T09:29:02Z,Maßnahmen gegen Konten-Sharing: Netflix-Unterkonten haben Beschränkungen,maßnahmen gegen konten-shar : netflix-unterkonten haben beschränkungen,Neutral
2023-05-22T15:02:27Z,‘We can’t breathe! We can’t see! We can’t hear!’ – meet the real-life MerPeople,‘ ’ breath ! ’ see ! ’ hear ! ’ – meet real-lif merpeopl,Neutral
2023-05-23T19:45:41Z,The Netflix crackdown on password sharing in the US has arrived,netflix crackdown password share u arriv,Neutral
2023-05-11T13:00:03Z,The best apps and services for new graduates,best app servic new graduat,Positive
2023-05-21T22:30:01Z,ナイツ塙、「Netflix」知らないやくみつるに「なんで流行語大賞の審査員やってるんだ？」,ナイツ塙、「netflix」知らないやくみつるに「なんで流行語大賞の審査員やってるんだ？」,Neutral
2023-05-25T13:30:42Z,Best cases for Amazon Fire Max 11 in 2023,best case amazon fire max 11 2023,Positive
2023-05-05T13:45:00Z,El “truco” que los aficionados están usando para evitar la cancelación de series de Netflix,el “ truco ” que lo aficionado están usando para evitar la cancelación de seri de netflix,Neutral
2023-05-25T18:21:16Z,Tu cuenta de Netflix Premium puede ser vendida por 2 euros: qué hacer para mantenerla segura y no la roben,tu cuenta de netflix premium pued ser vendida por 2 euro : qué hacer para mantenerla segura la roben,Neutral
2023-05-23T19:22:00Z,Netflix revoluciona totalmente una experiencia que no ha tocado en casi 10 años,netflix revoluciona totalment una experiencia que ha tocado en casi 10 año,Neutral
2023-05-25T14:30:12Z,The 36 Most Anticipated TV Shows of Summer 2023,36 anticip tv show summer 2023,Neutral
2023-05-16T16:28:47Z,"Mira el nuevo tráiler de ‘Misión de rescate 2’, con Chris Hemsworth","mira el nuevo tráiler de ‘ misión de rescat 2 ’ , con chri hemsworth",Neutral
2023-05-22T12:22:11Z,Netflix ha perdido muchos usuarios en España. Así está intentando desesperadamente que volvamos,netflix ha perdido mucho usuario en españa . así está intentando desesperadament que volvamo,Neutral
2023-05-24T19:19:56Z,World of Goo Remastered,world goo remast,Neutral
2023-05-02T18:32:21Z,The TV shows affected by the US writers' strike,tv show affect u writer ' strike,Neutral
2023-05-15T14:50:07Z,EU okays Microsoft deal for Activision that UK blocked,eu okay microsoft deal activis uk block,Positive
2023-05-22T10:28:41Z,Netflix : l’arrivée de la publicité est-elle un succès ?,netflix : l ’ arrivé de la publicité est-el un succè ?,Neutral
2023-05-12T10:00:56Z,Critique Black Knight : la nouvelle série Netflix qui ne laisse pas le temps de respirer,critiqu black knight : la nouvel série netflix qui ne laiss pa le temp de respir,Negative
2023-05-12T17:30:47Z,Critique The Mother : Netflix transforme Jennifer Lopez en mère de sang ,critiqu mother : netflix transform jennif lopez en mère de sang,Neutral
2023-05-15T07:00:34Z,Netflix veut faire 300 millions de dollars d’économies,netflix veut fair 300 million de dollar ’ économi,Positive
2023-05-25T18:00:36Z,Critique Fubar : Schwarzenegger fait une monumentale erreur sur Netflix ,critiqu fubar : schwarzenegg fait une monumental erreur sur netflix,Neutral
2023-05-18T10:30:18Z,"Steam Deck Wins Award, Zelda Tears of the Kingdom Breaks Records, and How to Play Games on Netflix","steam deck win award , zelda tear kingdom break record , play game netflix",Positive
2023-05-20T07:00:41Z,Squid Game revient dès cette année sur Netflix !,squid game revient dè cett anné sur netflix !,Negative
2023-05-11T06:12:52Z,Netflix Releases Trailer for Arnold Schwarzenegger Docuseries,netflix releas trailer arnold schwarzenegg docuseri,Neutral
2023-05-23T18:01:22Z,"Es el mayor fracaso de la historia de Netflix a nivel de reviews. Y por una vez, coinciden crítica y público","e el mayor fracaso de la historia de netflix nivel de review . por una vez , coinciden crítica público",Neutral
2023-05-25T13:50:15Z,15 Shows to Watch After Succession,15 show watch success,Positive
2023-05-22T21:20:00Z,Netflix's New Update Makes It Easier to Find Stuff to Stream Fast - CNET,netflix 's new updat make easier find stuff stream fast - cnet,Positive
2023-05-24T18:28:47Z,Inaugural Diversity in Gaming Breakfast shows how more voices improve the industry,inaugur diver game breakfast show voic improv industri,Negative
2023-05-09T08:30:19Z,Netflix : les films originaux sont-ils toujours aussi populaires ?,netflix : le film originaux sont-il toujour aussi populair ?,Neutral
2023-05-19T08:00:22Z,White Men Can’t Jump to Do the Right Thing: the seven best films to watch on TV this week,white men ’ jump right thing : seven best film watch tv week,Positive
2023-05-19T15:30:39Z,"Disparue pendant 6 ans, elle est retrouvée grâce à une série Netflix","disparu pendant 6 an , ell est retrouvé grâce à une série netflix",Neutral
2023-05-19T20:45:22Z,How to Fix Netflix Error Code NW-2-5,fix netflix error code nw-2-5,Neutral
2023-05-19T10:40:06Z,"10 Things in Tech: Apple's upcoming 'Reality' headset, BookTok drives book sales, and more","10 thing tech : appl 's upcom 'realiti ' headset , booktok drive book sale ,",Neutral
2023-05-11T04:01:13Z,Netflix Drops Official 'McGregor Forever' Trailer,netflix drop offici 'mcgregor forev ' trailer,Neutral
2023-05-10T10:39:21Z,"Aston Martin may have earned up to $80 million in sales due to its safety cars featuring in F1 races, its boss suggests","aston martin may earn $ 80 million sale due safeti car featur f1 race , bos suggest",Negative
2023-05-11T09:36:52Z,"FAANG stocks could soar 50% this year thanks to long-term demand for tech goods and no new competition, Fundstrat's Tom Lee says","faang stock could soar 50 % year thank long-term demand tech good new competit , fundstrat 's tom lee say",Positive
2023-05-10T21:15:00Z,Robert Rodriguez Made a New Sci-Fi Movie Starring Ben Affleck. Seriously.,robert rodriguez made new sci-fi movi star ben affleck . serious .,Negative
2023-05-04T17:30:49Z,Paramount acaba de declarar 551 millones de dólares en pérdidas. Son pésimas noticias para SkyShowtime,paramount acaba de declarar 551 millon de dólare en pérdida . son pésima noticia para skyshowtim,Neutral
2023-05-10T09:40:23Z,People are nervous AI will take their job. But they're fine with AI taking part of their job.,peopl nervou ai take job . 're fine ai take part job .,Positive
2023-05-23T21:01:20Z,A Man Called Otto is a hit on Netflix. Here are 3 reasons why it’s so popular,man call otto hit netflix . 3 reason ’ popular,Positive
2023-05-24T00:50:06Z,Streamingdient: Netflix geht gegen Account-Trittbrettfahrer vor,streamingdi : netflix geht gegen account-trittbrettfahr vor,Neutral
2023-05-30T14:30:51Z,Vous vous désabonnez suite à la fin du partage de compte ? Netflix s’en fiche,vou vou désabonnez suit à la fin du partag de compt ? netflix ’ en fich,Neutral
2023-05-30T21:40:32Z,Turnstile and Christian Lee Hutson Recorded New Songs for I Think You Should Leave With Tim Robinson,turnstil christian lee hutson record new song think leav tim robinson,Positive
2023-05-24T04:26:35Z,"Netflix Officially Launches Paid Sharing in U.S., To Begin Blocking Users With Unauthorized Passwords","netflix offici launch paid share u.s. , begin block user unauthor password",Neutral
2023-05-19T18:31:14Z,"Esta tremenda película de Shyamalan se basa en el caso real de un asesino con 24 personalidades, y ya está en Netflix","esta tremenda película de shyamalan se basa en el caso real de un asesino con 24 personalidad , ya está en netflix",Positive
2023-05-22T18:00:39Z,"Spielberg estaba tan seguro de esta película, ahora en Netflix, que pagó por ella dos millones antes de leer el guión","spielberg estaba tan seguro de esta película , ahora en netflix , que pagó por ella do millon ant de leer el guión",Neutral
2023-05-23T22:02:54Z,Why YouTube is a tough place for kids podcasts,youtub tough place kid podcast,Negative
2023-05-14T15:00:00Z,Meg Foster Returns to He-Man with Masters of the Universe: Revolution,meg foster return he-man master univers : revolut,Neutral
2023-05-19T12:00:27Z,"‘Only God can say – That’s enough’: Wanda Sykes, the uncancellable standup superstar","‘ god say – ’ enough ’ : wanda syke , uncancel standup superstar",Neutral
2023-05-31T12:15:02Z,Cette série Netflix a désormais sa bière officielle,cett série netflix désormai sa bièr officiel,Neutral
2023-05-03T17:30:57Z,Mauvaise nouvelle pour les fans de Sweet Tooth : Netflix frappe à nouveau,mauvais nouvel pour le fan de sweet tooth : netflix frapp à nouveau,Positive
2023-05-26T10:11:00Z,El 'zasca' de Amazon a Netflix tras ampliar la restricción de las cuentas compartidas,el 'zasca ' de amazon netflix tra ampliar la restricción de la cuenta compartida,Neutral
2023-05-23T23:36:14Z,"Netflix Just Announced That It Will Crackdown On Password Sharing In The US, And People On Twitter Are, Of Course, Not Happy","netflix announc crackdown password share u , peopl twitter , cours , happi",Neutral
2023-05-24T17:46:25Z,Netflix Has Been Threatening to Crack Down on Password Sharing for Years—Now They're Finally Doing It,netflix threaten crack password share years—now 're final,Neutral
2023-05-30T23:22:12Z,Erykah Badu to Appear in Netflix Drama The Piano Lesson,erykah badu appear netflix drama piano lesson,Neutral
2023-05-24T14:33:00Z,Netflix Password-Sharing Is No Longer Free in the US: What to Know - CNET,netflix password-shar longer free u : know - cnet,Positive
2023-05-28T06:00:38Z,Faut-il diffuser tous les épisodes d’une série d’un coup ou un seul par semaine ?,faut-il diffus tou le épisod ’ une série ’ un coup ou un seul par semain ?,Neutral
2023-05-23T13:00:34Z,"Netflix : avec ces nouvelles fonctionnalités, vous allez y voir plus clair","netflix : avec ce nouvel fonctionnalité , vou allez voir plu clair",Neutral
2023-05-21T10:00:16Z,Pourquoi les annulations de séries vont se multiplier,pourquoi le annul de séri vont se multipli,Neutral
2023-05-02T08:53:28Z,"Películas y canales de TV gratis, así es como Amazon podría destruir completamente a Netflix","película canal de tv grati , así e como amazon podría destruir completament netflix",Neutral
2023-05-06T10:00:36Z,Top 10 des documentaires à regarder sur Netflix,top 10 de documentair à regard sur netflix,Positive
2023-05-13T08:00:58Z,4 séries comiques à savourer sur Netflix et Disney+,4 séri comiqu à savour sur netflix et disney+,Neutral
2023-05-24T13:56:08Z,Netflix is finally implementing its password sharing policy in the US,netflix final implement password share polici u,Neutral
2023-05-02T17:40:00Z,Netflix Condemns WGA Strike For Putting Future Show Cancellations Behind Schedule,netflix condemn wga strike put futur show cancel behind schedul,Negative
2023-05-30T08:59:58Z,MagentaTV Smart Netflix: Telekom bietet Netflix-Standard-Abo mit Werbung an,magentatv smart netflix : telekom bietet netflix-standard-abo mit werbung,Positive
2023-05-12T16:00:29Z,8 Streaming Services That Still Let You Share Passwords,8 stream servic still let share password,Neutral
2023-05-02T08:46:52Z,Everything Coming To and Leaving Netflix in May 2023,everyth come leav netflix may 2023,Neutral
2023-05-25T06:38:43Z,"Netflix Appoints Arnold Schwarzenegger as ""Chief Action Officer""",netflix appoint arnold schwarzenegg `` chief action offic '',Positive
2023-05-26T20:28:47Z,Check out 19 of the best romantic movies on Netflix,check 19 best romant movi netflix,Positive
2023-05-10T13:32:07Z,Krysten Ritter talks about the impact of Jessica Jones,krysten ritter talk impact jessica jone,Neutral
2023-05-12T22:15:00Z,"Evil Dead Rise, Netflix’s Mother, Air, and every other new movie to watch at home this week","evil dead rise , netflix ’ mother , air , everi new movi watch home week",Negative
2023-05-12T13:00:00Z,21 Truly Terrible Movie Moms to Make you Feel Better (or Worse) About Yours,21 truli terribl movi mom make feel better ( wors ),Positive
2023-05-22T18:47:02Z,Netflix: Meine Liste bekommt Filterfunktion,netflix : mein list bekommt filterfunkt,Neutral
2023-05-02T21:25:00Z,Game Pass Now Lets You Give Friends Free Trials On PC,game pas let give friend free trial pc,Neutral
2023-05-16T17:00:24Z,Tyler Rake 2 : un trailer explosif et rempli de révélations pour sa sortie,tyler rake 2 : un trailer explosif et rempli de révélation pour sa sorti,Neutral
2023-05-23T20:11:44Z,Netflix annonce la fin du partage de compte en France : combien allez-vous payer ?,netflix annonc la fin du partag de compt en franc : combien allez-v payer ?,Neutral
2023-05-12T08:00:18Z,Grève à Hollywood : pourquoi le PDG de Netflix annule un gala,grève à hollywood : pourquoi le pdg de netflix annul un gala,Neutral
2023-05-24T19:00:00Z,"10 Horror Movies That Will Make You Log Off Social Media, Possibly Forever","10 horror movi make log social medium , possibl forev",Positive
2023-06-01T17:23:07Z,Relive Vecna's evil origins in Stranger Things VR for Quest 2,reliv vecna 's evil origin stranger thing vr quest 2,Negative
2023-05-22T04:37:41Z,"Netflix : critiquée à sa sortie, l’offre avec publicité fait un carton","netflix : critiqué à sa sorti , l ’ offr avec publicité fait un carton",Neutral
2023-05-08T19:34:46Z,"Por qué veo Netflix, HBO Max y Disney+ en Kodi en vez de en sus apps oficiales para Chromecast, Fire TV Stick o Nvidia Shield TV","por qué veo netflix , hbo max disney+ en kodi en vez de en su app oficial para chromecast , fire tv stick nvidia shield tv",Neutral
2023-05-06T16:32:13Z,"Men put on the style at the Met gala, but the Karl Lagerfield theme was a fashion faux pas | Bidisha Mamata","men put style met gala , karl lagerfield theme fashion faux pa | bidisha mamata",Neutral
2023-05-03T16:52:05Z,Kate Bush ‘shocked and honoured’ to earn place in Rock and Roll Hall of Fame,kate bush ‘ shock honour ’ earn place rock roll hall fame,Neutral
2023-05-24T21:36:03Z,A Brighter Tomorrow review – Nanni Moretti’s new film is bafflingly awful,brighter tomorrow review – nanni moretti ’ new film bafflingli aw,Positive
2023-05-31T21:18:43Z,Kim Cattrall to reprise Sex and the City role in And Just Like That,kim cattral repris sex citi role like,Neutral
2023-05-19T17:25:33Z,The Guardian view on striking Hollywood writers: a fight for life | Editorial,guardian view strike hollywood writer : fight life | editori,Neutral
2023-05-11T08:45:03Z,Disney+ loses 4m subscribers amid exodus in Indian market,disney+ lose 4m subscrib amid exodu indian market,Neutral
2023-06-01T05:00:23Z,"The best theatre to stream this month: Blues for An Alabama Sky, Macbeth and more","best theatr stream month : blue alabama sky , macbeth",Positive
2023-05-03T18:12:45Z,¿Por qué ‘New Amsterdam’ fue cancelada?,¿por qué ‘ new amsterdam ’ fue cancelada ?,Positive
2023-05-03T20:00:00Z,The 15 best films on Netflix in May 2023,15 best film netflix may 2023,Positive
2023-05-29T16:00:00Z,11 movies to check out on Netflix this June,11 movi check netflix june,Neutral
2023-05-24T18:04:06Z,"Tim Robinson Shares New I Think You Should Leave Season 3 Trailer, Reveals Guest Stars","tim robinson share new think leav season 3 trailer , reveal guest star",Positive
2023-05-27T07:06:16Z,Everything Coming To and Leaving Netflix in June 2023,everyth come leav netflix june 2023,Neutral
2023-06-01T13:00:17Z,Netflix : le premier jeu consoles et PC se précise et promet du très lourd,netflix : le premier jeu consol et pc se précise et promet du trè lourd,Neutral
2023-05-23T19:01:03Z,Streaming-Riese: Netflix startet Vorgehen gegen Account-Trittbrettfahrer,streaming-ries : netflix startet vorgehen gegen account-trittbrettfahr,Neutral
2023-05-02T15:00:16Z,"Après Dahmer, Netflix et Ryan Murphy s’attaque à deux nouveaux monstres","aprè dahmer , netflix et ryan murphi ’ attaqu à deux nouveaux monstr",Neutral
2023-05-15T14:00:24Z,Amazon Prime Video va vendre une partie de son catalogue à Netflix et Disney,amazon prime video va vendr une parti de son catalogu à netflix et disney,Neutral
2023-05-16T13:30:49Z,"En Espagne, la fin du partage de compte Netflix vire au fiasco","en espagn , la fin du partag de compt netflix vire au fiasco",Neutral
2023-05-30T12:30:47Z,"Malgré le départ d’Henry Cavill, The Witcher est loin d’être terminée","malgré le départ ’ henri cavil , witcher est loin ’ être terminé",Neutral
2023-06-01T10:00:04Z,Black Mirror saison 6 dévoile sa date de sortie dans un trailer glaçant,black mirror saison 6 dévoil sa date de sorti dan un trailer glaçant,Negative
2023-05-16T11:22:46Z,Las telecos quieren que Big Tech como Google o Netflix paguen por usar sus redes en Europa. El consumidor puede salir perdiendo,la teleco quieren que big tech como googl netflix paguen por usar su rede en europa . el consumidor pued salir perdiendo,Neutral
2023-05-17T23:00:04Z,Netflix’s First Upfront Opened with a Dig at ‘Max’,netflix ’ first upfront open dig ‘ max ’,Positive
2023-05-24T13:30:56Z,The Witcher : pourquoi la série ne s’est pas arrêtée au départ d’Henry Cavill ?,witcher : pourquoi la série ne ’ est pa arrêté au départ ’ henri cavil ?,Neutral
2023-06-02T07:59:07Z,waipu: Netflix-Streaming-Deal: 50 % Rabatt für 12 Monate,waipu : netflix-streaming-d : 50 % rabatt für 12 monat,Neutral
2023-05-26T11:30:12Z,Nielsen desvela lo más visto en streaming y corrobora el descalabro de 'Citadel' de Amazon: no llega ni al Top 10,nielsen desvela lo má visto en stream corrobora el descalabro de 'citadel ' de amazon : llega ni al top 10,Positive
2023-05-11T03:44:25Z,"Disney's revenue is on the rise, but streaming subscriber losses mar CEO Bob Iger's boost as he takes another jab at Florida's Ron DeSantis","disney 's revenu rise , stream subscrib loss mar ceo bob iger 's boost take anoth jab florida 's ron desanti",Neutral
2023-05-13T16:05:00Z,"7 new Netflix releases to get excited for, including a new season of Selling Sunset","7 new netflix releas get excit , includ new season sell sunset",Positive
2023-05-05T14:00:02Z,The best gifts for teachers,best gift teacher,Positive
2023-05-24T18:59:46Z,Watch Arnold Schwarzenegger make his TV debut this week in the Netflix series Fubar,watch arnold schwarzenegg make tv debut week netflix seri fubar,Neutral
2023-05-20T16:05:00Z,"5 new Netflix releases I’ll be watching, including Arnold Schwarzenegger’s TV debut in Fubar","5 new netflix releas ’ watch , includ arnold schwarzenegg ’ tv debut fubar",Positive
2023-05-30T00:09:00Z,Put this 3-part Netflix docuseries about Arnold Schwarzenegger on your watch list right now,put 3-part netflix docuseri arnold schwarzenegg watch list right,Positive
2023-05-28T20:30:05Z,Watch these 4 Netflix series instead of Fubar if you’re in the mood for an action-thriller,watch 4 netflix seri instead fubar ’ mood action-thril,Neutral
2023-05-29T12:02:28Z,Con el Chromecast HD de Google podrás darle una segunda vida a la vieja televisión de tu segunda residencia por menos de 29 euros,con el chromecast hd de googl podrá darl una segunda vida la vieja televisión de tu segunda residencia por meno de 29 euro,Neutral
2023-05-06T16:05:00Z,"6 new Netflix releases coming next week, including Queen Cleopatra and a new season of Queer Eye","6 new netflix releas come next week , includ queen cleopatra new season queer eye",Positive
2023-05-04T22:40:00Z,Soft & Quiet: This horror movie that just hit Netflix gave one critic a serious panic attack,soft & quiet : horror movi hit netflix gave one critic seriou panic attack,Positive
2023-05-22T21:06:45Z,Netflix is making some long-overdue changes to its app that power users will love,netflix make long-overdu chang app power user love,Positive
2023-05-25T00:10:00Z,Black Knight is the biggest non-English Netflix series in the world right now,black knight biggest non-english netflix seri world right,Positive
2023-05-18T15:16:30Z,"David Zaslav, Defender of the Cable Bundle, Is Ready to Bundle Max with Other Streamers","david zaslav , defend cabl bundl , readi bundl max streamer",Neutral
2023-05-06T14:01:00Z,Las 27 mejores series de la historia de Netflix,la 27 mejor seri de la historia de netflix,Neutral
2023-05-06T14:00:58Z,La réponse d’Apple Arcade aux jeux Netflix : 20 nouveaux titres d’un coup !,la répons ’ appl arcad aux jeux netflix : 20 nouveaux titr ’ un coup !,Neutral
2023-05-25T07:00:36Z,Fin du partage de comptes : voici comment transférer votre profil Netflix,fin du partag de compt : voici comment transférer votr profil netflix,Neutral
2023-05-10T16:00:00Z,Arnold Schwarzenegger Manifests His Destiny Through Positive Visualization in Doc Trailer,arnold schwarzenegg manifest destini posit visual doc trailer,Neutral
2023-05-16T05:05:24Z,"Dites au revoir à vos séries préférées, c’est la crise chez Netflix","dite au revoir à vo séri préférée , c ’ est la crise chez netflix",Neutral
2023-05-16T09:00:58Z,The Mother : pourquoi ce film avec Jennifer Lopez est n°1 sur Netflix,mother : pourquoi ce film avec jennif lopez est n°1 sur netflix,Neutral
2023-06-02T06:06:20Z,"Fin de partage de compte Netflix : et maintenant, un député s’en mêle","fin de partag de compt netflix : et mainten , un député ’ en mêle",Neutral
2023-05-28T10:00:29Z,Call My Agent!’s Laure Calamy: ‘I have too much energy’,call agent ! ’ laur calamus : ‘ much energi ’,Positive
2023-05-24T13:25:49Z,Netflix Begins Crackdown on Password Sharing in US and UK,netflix begin crackdown password share u uk,Neutral
2023-05-12T20:45:27Z,Meet the school custodian who has coached the chess team to the championships,meet school custodian coach chess team championship,Neutral
2023-05-29T14:51:11Z,"‘They don’t know the rules’: actors hit back at theatregoers phoning, drinking and fighting","‘ ’ know rule ’ : actor hit back theatrego phone , drink fight",Neutral
2023-05-03T16:23:44Z,Uber wants to know where you're going and what you'll order before you do,uber want know 're go 'll order,Neutral
2023-05-10T14:07:17Z,Amazon is ending support for Halo wearables on July 31: Here's how to get a refund,amazon end support halo wearabl juli 31 : 's get refund,Neutral
2023-05-10T18:22:33Z,Etsy launches wedding registry service for handmade gifts in wake of Bed Bath & Beyond bankruptcy,etsi launch wed registri servic handmad gift wake bed bath & beyond bankruptci,Neutral
2023-05-04T17:29:41Z,Jimmy Fallon and Seth Meyers are paying a week's worth of TV writer salaries from their own pockets during the strike,jimmi fallon seth meyer pay week 's worth tv writer salari pocket strike,Positive
2023-05-09T19:00:00Z,‘Queen Charlotte’ Gets Crowned a Netflix Hit,‘ queen charlott ’ get crown netflix hit,Neutral
2023-06-01T10:50:00Z,"You can keep sharing the Netflix password, and nothing will happen to you","keep share netflix password , noth happen",Neutral
2023-05-30T10:50:00Z,Fight Netflix’s password-sharing crackdown by sharing a different password,fight netflix ’ password-shar crackdown share differ password,Neutral
2023-05-15T18:22:29Z,Company will send you a free 55-inch TV with ads playing non-stop at the bottom and camera tracking your behavior,compani send free 55-inch tv ad play non-stop bottom camera track behavior,Positive
2023-05-09T13:30:00Z,"Amazon Starts Licensing Originals: Netflix, Your Move","amazon start licens origin : netflix , move",Neutral
2023-05-17T01:15:00Z,The 60 Best Shows on Netflix,60 best show netflix,Positive
2023-05-10T01:09:25Z,Chelsea Handler Delivers Topless PSA Urging Men To Get Vasectomies,chelsea handler deliv topless psa urg men get vasectomi,Neutral
2023-05-12T04:30:00Z,Why Disney’s streaming losses are Tubi’s gains,disney ’ stream loss tubi ’ gain,Neutral
2023-05-08T21:25:00Z,It feels like no one is watching or talking about Netflix’s new original movies right now,feel like one watch talk netflix ’ new origin movi right,Positive
2023-05-15T15:00:31Z,Rick et Morty va (enfin) diffuser sa saison 6 en France,rick et morti va ( enfin ) diffus sa saison 6 en franc,Neutral
2023-05-30T13:00:00Z,"June TV preview: Secret Invasion, The Bear season 2, and 24 more shows you'll want to watch","june tv preview : secret invas , bear season 2 , 24 show 'll want watch",Negative
2023-05-19T18:07:56Z,"""Arbeit: Was wir den ganzen Tag machen"": Im Büro mit Obama",`` arbeit : wir den ganzen tag machen '' : im büro mit obama,Neutral
2023-05-11T12:00:50Z,"Giant robots from outer space! Netflix reveals details for new 3D anime series, 'Mech Cadets'","giant robot outer space ! netflix reveal detail new 3d anim seri , 'mech cadet '",Positive
2023-05-25T12:59:03Z,Business,busi,Neutral
2023-05-18T11:01:00Z,YouTube TV y Netflix colapsan en eventos que congregan a millones en vivo: la tele de siempre toma fuerza,youtub tv netflix colapsan en evento que congregan millon en vivo : la tele de siempr toma fuerza,Neutral
2023-05-15T04:00:34Z,"Amazon Prime Video: Pricing, content, features, and more","amazon prime video : price , content , featur ,",Neutral
2023-06-01T14:45:00Z,"Actualité : Partage de comptes Netflix : foyer, abonné supplémentaire payant, code SMS... quelles sont les nouvelles règles ?","actualité : partag de compt netflix : foyer , abonné supplémentair payant , code sm ... quell sont le nouvel règle ?",Neutral
2023-05-17T12:37:13Z,"Worried About Backlash, Netflix Delays Password Sharing Crackdown In U.S.","worri backlash , netflix delay password share crackdown u. .",Neutral
2023-05-27T08:05:58Z,Netflix продлил «Ведьмака» на пятый сезон,netflix продлил « ведьмака » на пятый сезон,Neutral
2023-05-23T20:10:13Z,Netflix: Zusatzkosten für Passwort-Sharing in Deutschland bekannt,netflix : zusatzkosten für passwort-shar deutschland bekannt,Neutral
2023-05-24T14:16:49Z,"Neu auf Netflix im Juni 2023: The Witcher, Black Mirror und mehr","neu auf netflix im juni 2023 : witcher , black mirror und mehr",Negative
2023-05-23T19:07:47Z,Netflix Will Now Charge You To Share Your Password,netflix charg share password,Neutral
2023-05-02T23:35:56Z,The Polish Horror Film Leaving Netflix Fans Nauseated,polish horror film leav netflix fan nauseat,Neutral
2023-05-26T10:00:01Z,"Fin du partage de compte Netflix : il y aura des exceptions, êtes-vous concerné ?","fin du partag de compt netflix : il aura de except , êtes-vou concerné ?",Neutral
2023-05-19T01:45:39Z,Watch how this tiny HDMI dongle turns your iPad or Smartphone into a secondary touchscreen for your Laptop,watch tini hdmi dongl turn ipad smartphon secondari touchscreen laptop,Neutral
2023-05-03T08:30:24Z,AKA : c’est quoi ce film d’action français qui cartonne partout ?,aka : c ’ est quoi ce film ’ action françai qui cartonn partout ?,Negative
2023-05-28T17:41:30Z,"Citron pressé : l’ISS va tomber sur Terre, crise chez Netflix et l’usine de Mike Horn","citron pressé : l ’ i va tomber sur terr , crise chez netflix et l ’ usin de mike horn",Neutral
2023-05-25T08:00:41Z,Fin du partage des compte : le tacle appuyé d’Amazon Prime à Netflix,fin du partag de compt : le tacl appuyé ’ amazon prime à netflix,Neutral
2023-05-31T13:51:08Z,Netflix Shares Black Mirror Season 6 Trailer and Release Date: Watch,netflix share black mirror season 6 trailer releas date : watch,Negative
2023-05-25T16:00:13Z,10 excellentes séries qui sont adaptées de romans,10 excellent séri qui sont adapté de roman,Positive
2023-05-26T15:00:00Z,"Kurz informiert: Multiresistente Keime, Tesla-Files, Spyware, Prime Video","kurz informiert : multiresistent keim , tesla-fil , spywar , prime video",Neutral
2023-05-30T12:30:00Z,Tutoriel : Netflix : comment transférer son profil vers un nouveau compte ?,tutoriel : netflix : comment transférer son profil ver un nouveau compt ?,Neutral
2023-05-21T03:54:28Z,Netflix's 'Squid Game: The Challenge' Reality Show Arrives This November,netflix 's 'squid game : challeng ' realiti show arriv novemb,Negative
2023-05-24T20:41:00Z,"Netflix said love is sharing a password, and love will now cost you $7.99","netflix said love share password , love cost $ 7.99",Positive
2023-05-19T06:00:20Z,Poker Face to Platonic: the seven best shows to stream this week,poker face platon : seven best show stream week,Positive
2023-05-11T12:47:08Z,These Xgimi projector deals breathe new life into movie night with up to $250 off,xgimi projector deal breath new life movi night $ 250,Positive
2023-05-24T10:22:30Z,The Ultimatum: Queer Love review – this lesbian and bi dating show is absurdly watchable,ultimatum : queer love review – lesbian bi date show absurdli watchabl,Positive
2023-05-25T05:00:13Z,Fubar review – Arnie’s a natural comedian in this unstoppably daft crime drama,fubar review – arni ’ natur comedian unstopp daft crime drama,Neutral
2023-05-05T11:54:57Z,¿Netflix no tiene la serie que buscas? Así puedes pedírsela,¿netflix tien la seri que busca ? así pued pedírsela,Neutral
2023-05-02T16:48:48Z,"Laya's Horizon is a stunning adventure from the developers of Alto's Adventure, out now","laya 's horizon stun adventur develop alto 's adventur ,",Neutral
2023-05-23T12:01:23Z,Netflix tiene clara su estrategia para que vuelvan los suscriptores españoles: ser insistentes,netflix tien clara su estrategia para que vuelvan lo suscriptor español : ser insistent,Neutral
2023-05-02T09:53:02Z,"Streaming im Mai: Das ist neu auf Netflix, Amazon Prime und Disney+","stream im mai : da ist neu auf netflix , amazon prime und disney+",Neutral
2023-05-23T22:20:00Z,Netflix cleverly picked the absolute perfect day to start cracking down on sharing passwords,netflix cleverli pick absolut perfect day start crack share password,Positive
2023-05-24T13:00:40Z,Lo que cuesta compartir Netflix en Estados Unidos,lo que cuesta compartir netflix en estado unido,Neutral
2023-06-02T03:03:00Z,"Tonight in schadenfreude: Netflix bosses get their pay requests rejected, for once","tonight schadenfreud : netflix bos get pay request reject ,",Neutral
2023-05-15T19:38:52Z,"Double-screen ‘free’ TV will show you ads, even when not in use","double-screen ‘ free ’ tv show ad , even use",Positive
2023-05-15T13:00:00Z,"The TV Upfronts Promise High Drama with No Writers, No Stars, and No Promises","tv upfront promis high drama writer , star , promis",Positive
2023-05-29T19:03:07Z,‘John Wick: Chapter 4’ Takes Down ‘The Super Mario Bros. Movie’ on VOD,‘ john wick : chapter 4 ’ take ‘ super mario bros. movi ’ vod,Positive
2023-05-24T21:50:00Z,‘A Brighter Tomorrow’ Review: Nanni Moretti’s Optimistic but Uneven Look at Modern Filmmaking,‘ brighter tomorrow ’ review : nanni moretti ’ optimist uneven look modern filmmak,Neutral
2023-05-15T07:45:45Z,"'Love Is Blind' Spin-Off, Netflix Files to Trademark 'Love Is Wine' Products","'love blind ' spin-off , netflix file trademark 'love wine ' product",Positive
2023-05-27T19:25:28Z,"Netflix ne peut pas bloquer le partage de comptes, voici l’explication simple","netflix ne peut pa bloquer le partag de compt , voici l ’ explic simpl",Neutral
2023-05-07T07:00:30Z,"« La formule 1 peut devenir numéro un aux Etats-Unis d’ici cinq ans », assure Günther Steiner","« la formul 1 peut devenir numéro un aux etats-uni ’ ici cinq an » , assur günther steiner",Neutral
2023-05-03T16:00:30Z,La Reine Charlotte : on zappe ou on mate le spin-off de La Chronique des Bridgerton ?,la rein charlott : zapp ou mate le spin-off de la chroniqu de bridgerton ?,Neutral
2023-05-28T13:00:45Z,ChatGPT ha cambiado mi forma de ver la tele: así es como lo uso para saber qué ver en Netflix y otras plataformas de streaming,chatgpt ha cambiado mi forma de ver la tele : así e como lo uso para saber qué ver en netflix otra plataforma de stream,Neutral
2023-05-17T14:00:58Z,Jennifer Lopez rompe récords en Netflix con su nuevo thriller: 'La madre' arrasa con el mejor estreno del año y apunta a convertirse en una de las películas más vistas de la historia de la plataforma,jennif lopez romp récord en netflix con su nuevo thriller : 'la madr ' arrasa con el mejor estreno del año apunta convertirs en una de la película má vista de la historia de la plataforma,Neutral
2023-05-30T11:30:36Z,La genial miniserie de Netflix que arrasa en TikTok casi dos años después de su estreno y que vuelve a estar entre lo más visto de la plataforma,la genial miniseri de netflix que arrasa en tiktok casi do año despué de su estreno que vuelv estar entr lo má visto de la plataforma,Neutral
2023-05-08T16:01:16Z,Aquella vez que Yahoo pudo comprar Netflix... Y en su lugar se buscó la ruina,aquella vez que yahoo pudo comprar netflix ... en su lugar se buscó la ruina,Neutral
2023-05-28T14:34:50Z,Si cancelaste tu cuenta de Netflix quizá tengas un botón inútil en tu Android TV: así puedes aprovecharlo,si cancelast tu cuenta de netflix quizá tenga un botón inútil en tu android tv : así pued aprovecharlo,Neutral
2023-05-03T10:00:45Z,Netflix hace valer su suscripción con su juego más esperado: Laya’s Horizon listo para descargar,netflix hace valer su suscripción con su juego má esperado : laya ’ horizon listo para descargar,Neutral
2023-05-11T22:43:56Z,The Best US Bank Credit Cards of May 2023,best u bank credit card may 2023,Positive
2023-06-01T12:24:08Z,Only 8% Of Netflix Password Moochers Plan To Pay For Their Own Subscription,8 % netflix password moocher plan pay subscript,Neutral
2023-05-11T23:12:00Z,"5 of Netflix’s grittiest, must-watch crime series that I can’t recommend enough","5 netflix ’ grittiest , must-watch crime seri ’ recommend enough",Neutral
2023-05-25T12:30:02Z,Netflix’s Dumb Password Sharing Crackdown Will Cost You $8 Per Moocher,netflix ’ dumb password share crackdown cost $ 8 per moocher,Negative
2023-05-13T22:01:03Z,5 characters we think will die in Stranger Things season 5,5 charact think die stranger thing season 5,Neutral
2023-05-05T01:07:02Z,Jennifer Lopez raves about husband and 'amazing dad' Ben Affleck: 'Brings tears to my eyes',jennif lopez rave husband 'amaz dad ' ben affleck : 'bring tear eye ',Neutral
2023-05-10T12:45:36Z,Vous n’avez pas encore vu Stranger Things: The Experience ? Le prix du billet vient de baisser de 20% !,vou n ’ avez pa encor vu stranger thing : experi ? le prix du billet vient de baisser de 20 % !,Neutral
2023-05-14T10:02:00Z,5 películas sobre maternidad atípicas para celebrar el Día de la Madre,5 película sobr maternidad atípica para celebrar el día de la madr,Neutral
2023-05-04T08:01:00Z,Cómo compartir cuenta de DAZN,cómo compartir cuenta de dazn,Neutral
2023-05-22T08:30:33Z,Fubar (Netflix) : 3 choses à savoir sur le retour d’Arnold Schwarzenegger,fubar ( netflix ) : 3 chose à savoir sur le retour ’ arnold schwarzenegg,Positive
2023-05-26T07:00:15Z,"Séries, films : voici le programme de Netflix, Disney+ et Prime Video en juin 2023","séri , film : voici le programm de netflix , disney+ et prime video en juin 2023",Neutral
2023-05-21T08:00:36Z,Apple : les services rapportent plus que Coca-Cola et Netflix réunis,appl : le servic rapport plu que coca-cola et netflix réuni,Neutral
2023-06-01T10:30:18Z,13 new Android games released May 2023 — from World of Goo to Torchlight Infinite,13 new android game releas may 2023 — world goo torchlight infinit,Negative
2023-05-15T16:02:18Z,Why use of AI is a major sticking point in the ongoing writers' strike,use ai major stick point ongo writer ' strike,Positive
2023-05-08T13:30:57Z,„Love is Blind“: Netflix kündigt deutschsprachigen Ableger an,„ love blind “ : netflix kündigt deutschsprachigen ableg,Neutral
2023-05-26T17:00:25Z,„Schlafende Hunde“: Thriller-Serie startet am 22.06.2023 bei Netflix (Trailer),„ schlafend hund “ : thriller-seri startet 22.06.2023 bei netflix ( trailer ),Neutral
2023-05-23T19:31:27Z,Netflix: Zusatzkosten für Passwort-Sharing starten in den USA,netflix : zusatzkosten für passwort-shar starten den usa,Neutral
2023-05-24T13:30:00Z,Netflix vs. Disney: Who’s the Leader in Streaming Now?,netflix vs. disney : ’ leader stream ?,Neutral
2023-05-15T17:00:00Z,Wednesday Spins Up Spooky Sounds on a New Purple Vinyl,wednesday spin spooki sound new purpl vinyl,Positive
2023-06-02T01:02:35Z,The WGA’s Latest Netflix Shutdown Was CEO Pay Packages,wga ’ latest netflix shutdown ceo pay packag,Positive
2023-05-02T12:30:37Z,"Hora de volver a Konoha: el anime de 'Naruto' ya ha llegado a Netflix, aunque tendremos que esperar para ver el final","hora de volver konoha : el anim de 'naruto ' ya ha llegado netflix , aunqu tendremo que esperar para ver el final",Neutral
2023-05-24T16:42:09Z,Netflix : tout comprendre à la fin du partage de compte,netflix : tout comprendr à la fin du partag de compt,Neutral
2023-05-12T14:56:00Z,Actualité : Black Mirror (Netflix) : on connaît les intrigues et les titres des épisodes de la saison 6,actualité : black mirror ( netflix ) : connaît le intrigu et le titr de épisod de la saison 6,Negative
2023-05-10T16:01:36Z,El nuevo bombazo de Netflix es una película de acción que ya está entre las más vistas de toda la historia de la plataforma,el nuevo bombazo de netflix e una película de acción que ya está entr la má vista de toda la historia de la plataforma,Neutral
2023-05-13T10:22:38Z,Netflix cancela una de sus series de ciencia ficción y fantasía más aplaudidas por crítica y público: no habrá temporada 2 de 'Agencia Lockwood',netflix cancela una de su seri de ciencia ficción fantasía má aplaudida por crítica público : habrá temporada 2 de 'agencia lockwood ',Neutral
2023-05-31T13:23:00Z,Black Mirror Season 6 Trailer Shows Off Five Chilling Nightmares,black mirror season 6 trailer show five chill nightmar,Negative
2023-05-15T15:00:37Z,Niki Caro and Joseph Fiennes discuss Netflix’s action thriller The Mother,niki caro joseph fienn discus netflix ’ action thriller mother,Positive
2023-05-07T16:36:33Z,So many bad takes. Learn from the Prime Video microservices to monolith story,mani bad take . learn prime video microservic monolith stori,Negative
2023-05-03T15:16:44Z,En Mi Electro están de oferta estas cinco increíbles televisiones para ver Apple TV+ o Netflix en alta calidad 4K,en mi electro están de oferta esta cinco increíbl television para ver appl tv+ netflix en alta calidad 4k,Neutral
2023-06-01T11:36:26Z,Apple TV+ adelanta por la derecha a todos los servicios en Reino Unido: crece un 14% mientras Netflix pierde suscriptores,appl tv+ adelanta por la derecha todo lo servicio en reino unido : crece un 14 % mientra netflix pierd suscriptor,Neutral
2023-05-02T13:26:39Z,Los guionistas de Hollywood van a huelga: esto es lo que ocurre,lo guionista de hollywood van huelga : esto e lo que ocurr,Neutral
2023-05-10T23:26:30Z,Disney+ cambia de estrategia: comenzará a retirar contenidos y producirá menos,disney+ cambium de estrategia : comenzará retirar contenido producirá meno,Neutral
2023-05-10T14:05:30Z,‘Beetlejuice 2’ ya tiene fecha de estreno confirmada,‘ beetlejuic 2 ’ ya tien fecha de estreno confirmada,Neutral
2023-05-31T17:49:29Z,Вышел трейлер шестого сезона «Черного зеркала» с Сальмой Хайек,вышел трейлер шестого сезона « черного зеркала » с сальмой хайек,Neutral
2023-05-21T17:30:00Z,Better Buy: Netflix vs. Roku,better buy : netflix vs. roku,Positive
2023-06-01T15:05:41Z,Netflix анонсировал масшатбную презентацию TUDUM — на этот раз живую,netflix анонсировал масшатбную презентацию tudum — на этот раз живую,Neutral
2023-05-31T13:40:33Z,«Чёрное зеркало» возвращается: Netflix показал трейлер шестого сезона,« чёрное зеркало » возвращается : netflix показал трейлер шестого сезона,Neutral
2023-05-07T14:01:12Z,El Apple Arcade de Android no es Play Pass: Netflix adelanta a Google con un catálogo de juegos impresionante,el appl arcad de android e play pas : netflix adelanta googl con un catálogo de juego impresionant,Neutral
2023-05-26T11:17:45Z,Fans watched 795 million minutes of 'Ted Lasso' in one week,fan watch 795 million minut 'ted lasso ' one week,Neutral
2023-05-07T13:33:00Z,"Netflix: Buy, Sell, or Hold?","netflix : buy , sell , hold ?",Neutral
2023-05-17T01:07:00Z,Watch all 6 of these series before you complain there’s nothing good on Netflix anymore,watch 6 seri complain ’ noth good netflix anymor,Positive
2023-05-21T13:30:05Z,'El Eternauta': todo lo que sabemos sobre la miniserie de ciencia ficción de Netflix que adapta uno de los mejores cómics de la historia,'el eternauta ' : todo lo que sabemo sobr la miniseri de ciencia ficción de netflix que adapta uno de lo mejor cómic de la historia,Neutral
2023-05-19T19:21:03Z,Debugging a FUSE deadlock in the Linux kernel,debug fuse deadlock linux kernel,Neutral
2023-05-03T12:25:21Z,Toda la gama Fire TV de nuevo en oferta: precios mínimos y superofertas para convertir cualquier tele en una smart TV,toda la gama fire tv de nuevo en oferta : precio mínimo superoferta para convertir cualquier tele en una smart tv,Positive
2023-05-11T18:55:18Z,Hypnotic review – Ben Affleck apes Inception in goofy B-movie thriller,hypnot review – ben affleck ape incept goofi b-movi thriller,Neutral
2023-05-19T16:34:58Z,Wohl dank True-Crime-Doku: Vermisstes Mädchen lebend gefunden,wohl dank true-crime-doku : vermisst mädchen lebend gefunden,Neutral
2023-05-31T19:15:55Z,"Aaron Paul, Salma Hayek and More Feature in New Trailer for ‘Black Mirror’ Season 6","aaron paul , salma hayek featur new trailer ‘ black mirror ’ season 6",Negative
2023-05-10T08:00:08Z,Queen Cleopatra review – the idea that you need a white actor is utterly insidious,queen cleopatra review – idea need white actor utterli insidi,Neutral
2023-05-27T06:00:14Z,"White House Plumbers: this Watergate drama’s cast is dazzling. Unfortunately, it’s terrible","white hous plumber : waterg drama ’ cast dazzl . unfortun , ’ terribl",Neutral
2023-05-11T08:13:01Z,Disney+ pierde cuatro millones de suscriptores globales y aplica la receta HBO: limpieza de series y unificación,disney+ pierd cuatro millon de suscriptor global aplica la receta hbo : limpieza de seri unificación,Neutral
2023-05-27T15:14:29Z,The problem with Passkeys,problem passkey,Neutral
2023-05-18T09:01:10Z,¡Ladybug viene a vencer en Netflix! Por fin tenemos fecha de estreno y tráiler para la nueva película de los superhéroes más famosos de París,¡ladybug vien vencer en netflix ! por fin tenemo fecha de estreno tráiler para la nueva película de lo superhéro má famoso de parí,Neutral
2023-05-03T09:32:00Z,'Akuma Kun' regresa este mismo año a Netflix: el nuevo anime sobrenatural ya está en marcha y tenemos un tráiler muy prometedor cargado de demonios,'akuma kun ' regresa est mismo año netflix : el nuevo anim sobrenatur ya está en marcha tenemo un tráiler muy prometedor cargado de demonio,Neutral
2023-05-04T05:00:41Z,"Queen Charlotte: A Bridgerton Story review – a ravishing, romp-packed prequel","queen charlott : bridgerton stori review – ravish , romp-pack prequel",Neutral
2023-05-20T07:00:51Z,Streaming: Cocaine Bear and the best ‘so bad they’re good’ films,stream : cocain bear best ‘ bad ’ good ’ film,Positive
2023-05-26T07:00:27Z,"No, Succession’s antiheroes don’t have hidden depths: that’s what makes it so compelling | Sarah Manvis",", success ’ antihero ’ hidden depth : ’ make compel | sarah manvi",Positive
2023-05-31T21:35:31Z,"Danny Masterson, star of That ’70s Show, found guilty of rape","danni masterson , star ’ 70 show , found guilti rape",Neutral
2023-05-04T09:00:46Z,The secret to why exercise is so good for our mental health? ‘Hope molecules’ | Devi Sridhar,secret exercis good mental health ? ‘ hope molecul ’ | devi sridhar,Positive
2023-05-23T13:01:22Z,Una mujer shogun y un Japón feudal convertido en matriarcado: Netflix fija la fecha de estreno de 'Ooku: The Inner Chambers' con un dramático tráiler,una mujer shogun un japón feudal convertido en matriarcado : netflix fija la fecha de estreno de 'ooku : inner chamber ' con un dramático tráiler,Neutral
2023-05-18T12:00:32Z,Netflix reporte la fin du partage de mots de passe,netflix report la fin du partag de mot de pas,Neutral
2023-05-21T08:00:21Z,Yellowface by Rebecca F Kuang – a wickedly funny publishing thriller,yellowfac rebecca f kuang – wickedli funni publish thriller,Neutral
2023-05-28T10:02:26Z,Netflix : peut-on contourner l’interdiction du partage de comptes ?,netflix : peut-on contourn l ’ interdict du partag de compt ?,Neutral
2023-05-18T17:50:31Z,‘Futurama’ regresará en julio: el primer teaser nos regala un interesante vistazo a la nueva (y esperada) temporada,‘ futurama ’ regresará en julio : el primer teaser no regala un interesant vistazo la nueva ( esperada ) temporada,Neutral
2023-05-26T14:00:00Z,‘Selling Sunset’ Star Bre Tiesi Is More Than Nick Cannon’s Baby Mama,‘ sell sunset ’ star bre tiesi nick cannon ’ babi mama,Neutral
2023-05-19T12:01:47Z,ABAC on SpiceDB: Enabling Netflix’s Complex Identity Types,abac spicedb : enabl netflix ’ complex ident type,Negative
2023-05-07T17:00:03Z,Formula 1 Racing 2023: How to Watch and Livestream the Miami GP Today - CNET,formula 1 race 2023 : watch livestream miami gp today - cnet,Neutral
2023-05-18T14:31:10Z,Netflix se lanza con otro exitoso cómic de fantasía: 'Nimona' ya tiene tráiler y fecha de estreno,netflix se lanza con otro exitoso cómic de fantasía : 'nimona ' ya tien tráiler fecha de estreno,Neutral
2023-05-24T21:00:00Z,The Best TV Shows And Movies Coming To Netflix In June 2023,best tv show movi come netflix june 2023,Positive
2023-05-27T20:00:10Z,The Dutch Mystery Movie That Claimed A Spot In Netflix's Top 10,dutch mysteri movi claim spot netflix 's top 10,Positive
2023-05-02T09:00:40Z,Netflix lo tiene clarísimo con 'La diplomática' y la renueva por una temporada 2. Tendremos más episodios del thriller político con Keri Russell,netflix lo tien clarísimo con 'la diplomática ' la renueva por una temporada 2. tendremo má episodio del thriller político con keri russel,Neutral
2023-05-03T22:00:47Z,"M. Night Shyamalan's After Earth Was Initially A Flop, But Has New Life On Netflix","m. night shyamalan 's earth initi flop , new life netflix",Positive
2023-05-03T17:25:52Z,"Sweet Tooth Season 3 Has Already Filmed, Will Be Its Last","sweet tooth season 3 alreadi film , last",Positive
2023-05-12T01:00:00Z,‘The Mother’ Review: Jennifer Lopez Is Mother in Niki Caro’s Slick Thriller,‘ mother ’ review : jennif lopez mother niki caro ’ slick thriller,Negative
2023-05-17T17:00:00Z,Anna Nicole to Pamela: Two Netflix Documentaries Try to Find New Context for the Blonde Bombshell as Cultural Icon,anna nicol pamela : two netflix documentari tri find new context blond bombshel cultur icon,Positive
2023-05-15T18:00:00Z,‘It Wasn’t Just a Case of Doing Cool Sh*t’: ‘The Mother’ Fight Scenes Smart,‘ ’ case cool sh * ’ : ‘ mother ’ fight scene smart,Positive
2023-05-16T16:30:00Z,One Half of Bennifer Thrived This Weekend as the Other Half Flopped,one half bennif thrive weekend half flop,Negative
2023-05-19T17:00:00Z,Hot Wheels and Realism: Crafting Stunts for ‘The Night Agent’,hot wheel realism : craft stunt ‘ night agent ’,Positive
2023-05-31T13:17:22Z,‘Black Mirror’ Season 6 Trailer: Sci-Fi Anthology Series Returns with New Cast and Release Date,‘ black mirror ’ season 6 trailer : sci-fi antholog seri return new cast releas date,Negative
2023-05-24T02:00:29Z,The French Crime Thriller That Claimed Netflix's Number 1 Spot,french crime thriller claim netflix 's number 1 spot,Neutral
2023-05-09T18:14:22Z,DAZN Joins ACE: IPTV Piracy & Billions in Losses Challenge ‘Netflix of Sport’,dazn join ace : iptv piraci & billion loss challeng ‘ netflix sport ’,Neutral
2023-05-31T06:30:05Z,Netflix droht aufgrund neuer Regelungen in Großbritannien mit der Entfernung von Inhalten,netflix droht aufgrund neuer regelungen großbritannien mit der entfernung von inhalten,Neutral
2023-05-02T12:32:07Z,Netflix Loses A Million Subscribers In Spain After Greedy Password Sharing Crackdown,netflix lose million subscrib spain greedi password share crackdown,Neutral
2023-05-23T08:45:22Z,'Mi lista' de Netflix al fin te deja distinguir lo que has visto de lo que quieres ver,'mi lista ' de netflix al fin te deja distinguir lo que visto de lo que quier ver,Neutral
2023-05-24T18:57:13Z,The Best TV Shows And Movies Leaving Netflix In June 2023,best tv show movi leav netflix june 2023,Positive
2023-05-04T16:04:56Z,Striking Writers Are on the Front Line of a Battle Between AI and Workers,strike writer front line battl ai worker,Neutral
2023-05-07T08:18:00Z,元Yahoo CEO マリッサ・メイヤー、TumblrじゃなくNetflixを買っておけばよかった,元yahoo ceo マリッサ・メイヤー、tumblrじゃなくnetflixを買っておけばよかった,Neutral
2023-05-10T14:01:36Z,Disfraza tu nombre en Netflix cuando vayas a jugar: así funciona el alias de juego y cómo configurarlo,disfraza tu nombr en netflix cuando vaya jugar : así funciona el alia de juego cómo configurarlo,Neutral
2023-05-02T14:55:07Z,"Amanda Seyfried, Quinta Brunson, and more voice support for writers' strike on the Met Gala red carpet","amanda seyfri , quinta brunson , voic support writer ' strike met gala red carpet",Neutral
2023-05-17T13:00:00Z,How the last writers' strike inspired one of 30 Rock's most memorable moments,last writer ' strike inspir one 30 rock 's memor moment,Neutral
2023-05-13T13:00:12Z,Sofa is a list-making app for escaping endless Netflix scrolling,sofa list-mak app escap endless netflix scroll,Negative
2023-05-02T21:57:00Z,"Saturday Night Live, Abbott Elementary, and other shows already impacted by the WGA strike","saturday night live , abbott elementari , show alreadi impact wga strike",Positive
2023-05-18T13:00:00Z,White Men Can’t Jump review: this remake barely hits the rim,white men ’ jump review : remak bare hit rim,Positive
2023-05-07T18:33:17Z,Stranger Things Season 5 Production Delayed Amid Writers’ Strike,stranger thing season 5 product delay amid writer ’ strike,Neutral
2023-05-18T05:44:08Z,Netflix объявил о скором выходе реалити-шоу по «Игре в кальмара»,netflix объявил о скором выходе реалити-шоу по « игре в кальмара »,Neutral
2023-05-26T13:30:00Z,Amazon Prime Video: Passwort-Sharing bleibt offiziell untersagt,amazon prime video : passwort-shar bleibt offiziel untersagt,Neutral
2023-05-19T11:37:17Z,Cuidado con este email que anuncia que te quedas sin streaming: para ‘problema de pago’ el que tendrás si le haces caso,cuidado con est email que anuncia que te queda sin stream : para ‘ problema de pago ’ el que tendrá si le hace caso,Neutral
2023-05-19T17:30:42Z,Les 10 meilleures séries basées sur des faits réels,le 10 meilleur séri basé sur de fait réel,Neutral
2023-05-19T14:33:07Z,В реалити по «Игре в кальмара» разыграют самый крупный денежный приз в истории,в реалити по « игре в кальмара » разыграют самый крупный денежный приз в истории,Neutral
2023-05-28T18:00:46Z,"A pesar de la salida de Henry Cavill, Netflix sigue confiando en The Witcher y confirma su quinta temporada","pesar de la salida de henri cavil , netflix sigu confiando en witcher confirma su quinta temporada",Neutral
2023-05-12T04:00:00Z,"Mulligan review: It's the end of the world as we know it, and this Netflix show ain't fine","mulligan review : 's end world know , netflix show ai n't fine",Positive
2023-05-24T22:00:00Z,China’s Netflix Revives HK Listing Plan After Curbing Losses,china ’ netflix reviv hk list plan curb loss,Neutral
2023-05-25T14:26:00Z,Get The New Paramount+ With Showtime Subscription For 50% Off For A Limited Time,get new paramount+ showtim subscript 50 % limit time,Positive
2023-05-29T10:01:30Z,Netflix's 'The Witcher' Renewed for Season 5,netflix 's 'the witcher ' renew season 5,Neutral
2023-05-19T18:40:52Z,"Why K-Drama Fans Will Love XO, Kitty","k-drama fan love xo , kitti",Positive
2023-05-30T14:08:27Z,Netflix : la fin du partage de compte très sévère avec les abonnés via Free ou Canal,netflix : la fin du partag de compt trè sévère avec le abonné via free ou canal,Positive
2023-05-21T16:00:05Z,"Mis nueve trucos de Netflix para móvil: códigos secretos, funciones ocultas y más","mi nuev truco de netflix para móvil : código secreto , funcion oculta má",Neutral
2023-05-10T18:55:56Z,Arnold Trailer: Schwarzenegger Teams Up With Netflix To Tell His Life Story,arnold trailer : schwarzenegg team netflix tell life stori,Neutral
2023-05-10T05:04:42Z,"Run Rabbit Run Trailer: Succession's Sarah Snook Leads Netflix Psychological Horror Film, Out June 28","run rabbit run trailer : success 's sarah snook lead netflix psycholog horror film , june 28",Positive
2023-05-26T14:00:02Z,The Devil Inside Was A Critical And Commercial Disaster – And It Deserves Further Study On Netflix,devil insid critic commerci disast – deserv studi netflix,Neutral
2023-05-31T07:00:36Z,A New British Horror Movie On Netflix Has Viewers 'Unable To Sleep',new british horror movi netflix viewer 'unabl sleep ',Positive
2023-05-03T12:00:10Z,Laya’s Horizon: el nuevo juego de Snowman en colaboración con Netflix,laya ’ horizon : el nuevo juego de snowman en colaboración con netflix,Neutral
2023-05-03T03:45:00Z,"As the writers' strike gets underway, Jon Stewart and John Mulaney cancel FYC events","writer ' strike get underway , jon stewart john mulaney cancel fyc event",Neutral
2023-05-04T00:54:55Z,Jamie Foxx breaks silence weeks after 'medical complication': 'Appreciate all the love',jami foxx break silenc week 'medic complic ' : 'appreci love ',Positive
2023-05-26T07:00:00Z,Memorial Day TV deals,memori day tv deal,Neutral
2023-05-23T00:00:12Z,Así te ayudará Netflix a gestionar mejor los títulos agregados en la sección «Mi lista»,así te ayudará netflix gestionar mejor lo título agregado en la sección « mi lista »,Neutral
2023-05-18T13:03:49Z,Nimona Trailer: Netflix Is Bringing The Queer Sci-Fi Fantasy Adventure Comic To The Screen,nimona trailer : netflix bring queer sci-fi fantasi adventur comic screen,Positive
2023-05-10T13:00:04Z,The Creator Of Cowboy Bebop Made A Netflix Anime Predicting The Dangers Of A.I. Art,creator cowboy bebop made netflix anim predict danger a.i . art,Neutral
2023-05-23T20:25:20Z,Skull Island Trailer: King Kong And The MonsterVerse Go Anime On Netflix,skull island trailer : king kong monstervers go anim netflix,Neutral
2023-05-03T09:06:10Z,"From mini rooms to streaming, things have changed since the last big writers' strike","mini room stream , thing chang sinc last big writer ' strike",Neutral
2023-05-31T21:33:50Z,Actor Danny Masterson is found guilty of 2 out of 3 counts of rape in retrial,actor danni masterson found guilti 2 3 count rape retrial,Neutral
2023-05-27T16:03:54Z,"Netflix : avec la fin du partage de compte, pensez-vous rester abonné ?","netflix : avec la fin du partag de compt , pensez-v rester abonné ?",Neutral
2023-05-18T07:45:10Z,Netflix renueva dos de sus series más vistas: 'Ginny y Georgia' tendrá temporadas 3 y 4 y 'Un lugar para soñar' continuará con su temporada 6,netflix renueva do de su seri má vista : 'ginni georgia ' tendrá temporada 3 4 'un lugar para soñar ' continuará con su temporada 6,Neutral
2023-05-17T17:15:00Z,"Netflix Is Seeking Top Rates for Advertising, but Madison Avenue Isn’t Too Impressed — Yet","netflix seek top rate advertis , madison avenu ’ impress — yet",Positive
2023-05-06T18:00:00Z,Will The Diplomat Get A Season 2?,diplomat get season 2 ?,Neutral
2023-05-10T12:05:00Z,Is Netflix Stock a Buy Now?,netflix stock buy ?,Neutral
2023-05-16T22:35:54Z,Chris Hemsworth channels the power of the gods in the Extraction 2 trailer,chri hemsworth channel power god extract 2 trailer,Neutral
2023-05-18T15:53:17Z,Why Netflix Stock Charged Higher Thursday Morning,netflix stock charg higher thursday morn,Positive
2023-05-21T21:06:18Z,Spanish Romance 'Through My Window: Across the Sea' Netflix Trailer,spanish romanc 'through window : across sea ' netflix trailer,Neutral
2023-05-22T10:40:07Z,"10 things in tech: Epstein appeared to threaten Gates, Apple gets its AI cut, and a Twitter hotel","10 thing tech : epstein appear threaten gate , appl get ai cut , twitter hotel",Neutral
2023-05-15T21:19:46Z,Rudy Giuliani hit with bombshell rape lawsuit; ex-staffer says he demanded oral sex while he took calls from Trump,rudi giuliani hit bombshel rape lawsuit ; ex-staff say demand oral sex took call trump,Neutral
2023-05-18T11:16:08Z,"10 things in tech: Musk believes remote work is morally wrong, BookTok a kingmaker, and AI press releases","10 thing tech : musk believ remot work moral wrong , booktok kingmak , ai press releas",Negative
2023-05-18T11:04:41Z,Big-name investors are going all-in on AI,big-nam investor go all-in ai,Neutral
2023-05-30T17:40:40Z,Tom Hanks' rant about the frustrations of movie night in the streaming era is hilarious — and right on the money,tom hank ' rant frustrat movi night stream era hilari — right money,Positive
2023-05-17T09:00:45Z,'I've never seen anyone work harder' - new show follows McGregor,' 've never seen anyon work harder ' - new show follow mcgregor,Positive
2023-05-03T14:04:23Z,"Las aventuras apocalípticas del niño ciervo llegan a su fin: Netflix renueva 'Sweet Tooth' para una temporada 3, que dará cierre a la magnífica serie","la aventura apocalíptica del niño ciervo llegan su fin : netflix renueva 'sweet tooth ' para una temporada 3 , que dará cierr la magnífica seri",Positive
2023-05-13T16:01:53Z,'Los hombres lobo de Castronegro' será una película: Netflix responde a HBO con una adaptación del popular juego de cartas,'lo hombr lobo de castronegro ' será una película : netflix respond hbo con una adaptación del popular juego de carta,Positive
2023-05-31T18:00:38Z,Netflix nos da una alegría con la temporada 2 de 'Bastard!!': el brutal anime de fantasía confirma su fecha de estreno con un tráiler cargado de heavy metal,netflix no da una alegría con la temporada 2 de 'bastard ! ! ' : el brutal anim de fantasía confirma su fecha de estreno con un tráiler cargado de heavi metal,Negative
2023-05-15T17:24:03Z,Trailer for Netflix Doc Series 'MerPeople' About Underwater Performers,trailer netflix doc seri 'merpeopl ' underwat perform,Neutral
2023-05-12T15:43:42Z,"The funniest joke suggestions for Elon Musk's Twitter CEO successor, from Elizabeth Holmes to Meghan Markle","funniest joke suggest elon musk 's twitter ceo successor , elizabeth holm meghan markl",Neutral
2023-05-16T11:30:08Z,An outsider's take on finding success on Wall Street,outsid 's take find success wall street,Positive
2023-05-15T16:30:00Z,‘Outlast’ Renewed For Season 2 By Netflix,‘ outlast ’ renew season 2 netflix,Neutral
2023-05-05T09:30:58Z,"""No se estrenará 'One Piece' hasta que yo esté satisfecho"". Eiichiro Oda reafirma su confianza en la serie de Netflix (aunque reconoce que el proceso ha sido ""algo frustrante"")",`` se estrenará 'one piec ' hasta que yo esté satisfecho '' . eiichiro oda reafirma su confianza en la seri de netflix ( aunqu reconoc que el proceso ha sido `` algo frustrant '' ),Neutral
2023-06-02T10:12:00Z,#TGIQF – Das Netflix-Quiz,# tgiqf – da netflix-quiz,Neutral
2023-06-02T14:15:02Z,Netflix : un projet de loi pour empêcher la fin du partage de compte,netflix : un projet de loi pour empêcher la fin du partag de compt,Neutral
2023-06-02T14:15:02Z,Netflix : une proposition de loi pour empêcher la fin du partage de compte,netflix : une proposit de loi pour empêcher la fin du partag de compt,Neutral
2023-06-02T09:30:20Z,"El Silencio : sur Netflix, cette série espagnole laisse les spectateurs sans voix","el silencio : sur netflix , cett série espagnol laiss le spectateur san voix",Neutral
2023-06-02T08:30:03Z,Netflix travaille sur un jeu consoles et PC qui s’annonce énorme,netflix travail sur un jeu consol et pc qui ’ annonc énorm,Neutral
2023-06-02T11:00:00Z,6 things you have to watch on TV this weekend,6 thing watch tv weekend,Neutral
2023-06-02T08:48:00Z,Actualité : Netflix : le député Louis Boyard veut une loi pour empêcher la fin du partage de comptes,actualité : netflix : le député loui boyard veut une loi pour empêcher la fin du partag de compt,Neutral
2023-06-02T10:34:54Z,Netflix : la fin du partage de comptes incite une large majorité d’entre vous à quitter la plateforme,netflix : la fin du partag de compt incit une larg majorité ’ entr vou à quitter la plateform,Neutral
2023-06-02T12:00:00Z,"Netflix : continuez à partager votre compte, vous ne risquez rien (c'est Netflix qui le dit) !","netflix : continuez à partag votr compt , vou ne risquez rien ( c'est netflix qui le dit ) !",Neutral
2023-05-16T14:35:34Z,Вышел трейлер «Операции по спасению — 2» с Крисом Хемсвортом,вышел трейлер « операции по спасению — 2 » с крисом хемсвортом,Neutral
2023-05-03T09:00:00Z,"Épisode d'émission : Gardiens de la Galaxie, Dune, Netflix : L'hebdo SVoD des Nums [03/05/2023]","épisod d'émission : gardien de la galaxi , dune , netflix : l'hebdo svod de num [ 03/05/2023 ]",Neutral
2023-05-04T16:00:00Z,What's Love Got To Do With It? review: Lily James in a well-meaning but misguided rom-com,'s love got ? review : lili jame well-mean misguid rom-com,Positive
2023-05-03T16:31:00Z,"Queen Charlotte: A Bridgerton Story review: So much to say, so little time","queen charlott : bridgerton stori review : much say , littl time",Positive
2023-05-12T10:00:00Z,Summer Art Preview,summer art preview,Neutral
2023-06-04T12:00:26Z,Amazon is reportedly trying to offer Prime subscribers free cell phone service,amazon reportedli tri offer prime subscrib free cell phone servic,Positive
2023-06-02T22:48:17Z,Netflix investors voted against rich pay packages for the company's top execs amid the ongoing Hollywood writers' strike,netflix investor vote rich pay packag compani 's top exec amid ongo hollywood writer ' strike,Positive
2023-06-03T13:00:00Z,"The 7 best movies new to streaming on Netflix, Max, Prime Video, and Hulu (June 2023)","7 best movi new stream netflix , max , prime video , hulu ( june 2023 )",Positive
2023-06-03T14:30:00Z,Disney Gets Big Write-Off After Pulling Its Streaming Shows,disney get big write-off pull stream show,Neutral
2023-06-02T22:25:37Z,Don’t Look Up director Adam McKay to triple donations to Just Stop Oil,’ look director adam mckay tripl donat stop oil,Neutral
2023-06-04T13:00:58Z,"Un año después, Netflix tiene el mismo problema que cuando empezó a atacar las cuentas compartidas: el contenido","un año despué , netflix tien el mismo problema que cuando empezó atacar la cuenta compartida : el contenido",Neutral
